tipo,data,submercado,GWhDia,GWhAcMes,GWhAcAno,MWhDia,MWhAcMes,MWhAcAno
Eolica,2017-02-01,Norte,"0,00","0,00","0,00",,,
Eolica,2017-02-01,Nordeste,"70,59","70,59","2.342,39",,,
Eolica,2017-02-01,Sul,"16,77","16,77","398,61",,,
Eolica,2017-02-01,Sudeste/Centro-Oeste,"0,00","0,00","0,00",,,
Eolica,2017-02-01,Sistema Interligado Nacional,"87,36","87,36","2.741,00",,,
Eolica,2017-02-02,Norte,"0,00","0,00","0,00",,,
Eolica,2017-02-02,Nordeste,"65,03","135,61","2.407,41",,,
Eolica,2017-02-02,Sul,"6,82","23,60","405,43",,,
Eolica,2017-02-02,Sudeste/Centro-Oeste,"0,00","0,00","0,00",,,
Eolica,2017-02-02,Sistema Interligado Nacional,"71,85","159,21","2.812,85",,,
Eolica,2017-02-03,Norte,"0,00","0,00","0,00",,,
Eolica,2017-02-03,Nordeste,"67,32","202,93","2.474,73",,,
Eolica,2017-02-03,Sul,"2,84","26,44","408,28",,,
Eolica,2017-02-03,Sudeste/Centro-Oeste,"0,00","0,00","0,00",,,
Eolica,2017-02-03,Sistema Interligado Nacional,"70,16","229,37","2.883,01",,,
Eolica,2017-02-04,Norte,"0,00","0,00","0,00",,,
Eolica,2017-02-04,Nordeste,"75,52","278,45","2.550,25",,,
Eolica,2017-02-04,Sul,"7,59","34,02","415,86",,,
Eolica,2017-02-04,Sudeste/Centro-Oeste,"0,00","0,00","0,00",,,
Eolica,2017-02-04,Sistema Interligado Nacional,"83,11","312,48","2.966,12",,,
Eolica,2017-02-05,Norte,"0,00","0,00","0,00",,,
Eolica,2017-02-05,Nordeste,"69,43","347,89","2.619,69",,,
Eolica,2017-02-05,Sul,"19,95","53,97","435,81",,,
Eolica,2017-02-05,Sudeste/Centro-Oeste,"0,00","0,00","0,00",,,
Eolica,2017-02-05,Sistema Interligado Nacional,"89,38","401,86","3.055,50",,,
Eolica,2017-02-06,Norte,"0,00","0,00","0,00",,,
Eolica,2017-02-06,Nordeste,"63,75","411,64","2.683,44",,,
Eolica,2017-02-06,Sul,"25,05","79,03","460,87",,,
Eolica,2017-02-06,Sudeste/Centro-Oeste,"0,00","0,00","0,00",,,
Eolica,2017-02-06,Sistema Interligado Nacional,"88,81","490,67","3.144,31",,,
Eolica,2017-02-07,Norte,"0,00","0,00","0,00",,,
Eolica,2017-02-07,Nordeste,"50,71","462,35","2.734,15",,,
Eolica,2017-02-07,Sul,"7,29","86,32","468,16",,,
Eolica,2017-02-07,Sudeste/Centro-Oeste,"0,00","0,00","0,00",,,
Eolica,2017-02-07,Sistema Interligado Nacional,"58,00","548,67","3.202,31",,,
Eolica,2017-02-08,Norte,"0,00","0,00","0,00",,,
Eolica,2017-02-08,Nordeste,"36,90","499,25","2.771,05",,,
Eolica,2017-02-08,Sul,"11,06","97,38","479,22",,,
Eolica,2017-02-08,Sudeste/Centro-Oeste,"0,00","0,00","0,00",,,
Eolica,2017-02-08,Sistema Interligado Nacional,"47,96","596,63","3.250,27",,,
Eolica,2017-02-09,Norte,"0,00","0,00","0,00",,,
Eolica,2017-02-09,Nordeste,"44,46","543,71","2.815,51",,,
Eolica,2017-02-09,Sul,"26,54","123,92","505,76",,,
Eolica,2017-02-09,Sudeste/Centro-Oeste,"0,00","0,00","0,00",,,
Eolica,2017-02-09,Sistema Interligado Nacional,"71,00","667,63","3.321,27",,,
Eolica,2017-02-10,Norte,"0,00","0,00","0,00",,,
Eolica,2017-02-10,Nordeste,"58,76","602,48","2.874,28",,,
Eolica,2017-02-10,Sul,"21,07","144,99","526,83",,,
Eolica,2017-02-10,Sudeste/Centro-Oeste,"0,00","0,00","0,00",,,
Eolica,2017-02-10,Sistema Interligado Nacional,"79,83","747,47","3.401,11",,,
Eolica,2017-02-11,Norte,"0,00","0,00","0,00",,,
Eolica,2017-02-11,Nordeste,"48,15","650,62","2.922,42",,,
Eolica,2017-02-11,Sul,"10,34","155,33","537,17",,,
Eolica,2017-02-11,Sudeste/Centro-Oeste,"0,00","0,00","0,00",,,
Eolica,2017-02-11,Sistema Interligado Nacional,"58,49","805,95","3.459,59",,,
Eolica,2017-02-12,Norte,"0,00","0,00","0,00",,,
Eolica,2017-02-12,Nordeste,"47,15","697,78","2.969,58",,,
Eolica,2017-02-12,Sul,"13,11","168,44","550,28",,,
Eolica,2017-02-12,Sudeste/Centro-Oeste,"0,00","0,00","0,00",,,
Eolica,2017-02-12,Sistema Interligado Nacional,"60,26","866,21","3.519,85",,,
Eolica,2017-02-13,Norte,"0,00","0,00","0,00",,,
Eolica,2017-02-13,Nordeste,"71,06","768,84","3.040,64",,,
Eolica,2017-02-13,Sul,"7,84","176,27","558,11",,,
Eolica,2017-02-13,Sudeste/Centro-Oeste,"0,00","0,00","0,00",,,
Eolica,2017-02-13,Sistema Interligado Nacional,"78,90","945,11","3.598,75",,,
Eolica,2017-02-14,Norte,"0,00","0,00","0,00",,,
Eolica,2017-02-14,Nordeste,"84,04","852,88","3.124,68",,,
Eolica,2017-02-14,Sul,"14,00","190,27","572,11",,,
Eolica,2017-02-14,Sudeste/Centro-Oeste,"0,00","0,00","0,00",,,
Eolica,2017-02-14,Sistema Interligado Nacional,"98,04","1.043,15","3.696,79",,,
Eolica,2017-02-15,Norte,"0,00","0,00","0,00",,,
Eolica,2017-02-15,Nordeste,"96,25","949,13","3.220,93",,,
Eolica,2017-02-15,Sul,"7,70","197,97","579,81",,,
Eolica,2017-02-15,Sudeste/Centro-Oeste,"0,00","0,00","0,00",,,
Eolica,2017-02-15,Sistema Interligado Nacional,"103,95","1.147,10","3.800,74",,,
Eolica,2017-02-16,Norte,"0,00","0,00","0,00",,,
Eolica,2017-02-16,Nordeste,"76,30","1.025,43","3.297,23",,,
Eolica,2017-02-16,Sul,"5,30","203,28","585,12",,,
Eolica,2017-02-16,Sudeste/Centro-Oeste,"0,00","0,00","0,00",,,
Eolica,2017-02-16,Sistema Interligado Nacional,"81,60","1.228,70","3.882,34",,,
Eolica,2017-02-17,Norte,"0,00","0,00","0,00",,,
Eolica,2017-02-17,Nordeste,"58,12","1.083,54","3.355,35",,,
Eolica,2017-02-17,Sul,"9,42","212,69","594,53",,,
Eolica,2017-02-17,Sudeste/Centro-Oeste,"0,00","0,00","0,00",,,
Eolica,2017-02-17,Sistema Interligado Nacional,"67,53","1.296,24","3.949,88",,,
Eolica,2017-02-18,Norte,"0,00","0,00","0,00",,,
Eolica,2017-02-18,Nordeste,"41,80","1.125,35","3.397,15",,,
Eolica,2017-02-18,Sul,"5,79","218,48","600,32",,,
Eolica,2017-02-18,Sudeste/Centro-Oeste,"0,00","0,00","0,00",,,
Eolica,2017-02-18,Sistema Interligado Nacional,"47,59","1.343,83","3.997,47",,,
Eolica,2017-02-19,Norte,"0,00","0,00","0,00",,,
Eolica,2017-02-19,Nordeste,"59,69","1.185,04","3.456,84",,,
Eolica,2017-02-19,Sul,"3,11","221,59","603,43",,,
Eolica,2017-02-19,Sudeste/Centro-Oeste,"0,00","0,00","0,00",,,
Eolica,2017-02-19,Sistema Interligado Nacional,"62,80","1.406,63","4.060,27",,,
Eolica,2017-02-20,Norte,"0,00","0,00","0,00",,,
Eolica,2017-02-20,Nordeste,"60,33","1.245,37","3.517,17",,,
Eolica,2017-02-20,Sul,"6,20","227,79","609,63",,,
Eolica,2017-02-20,Sudeste/Centro-Oeste,"0,00","0,00","0,00",,,
Eolica,2017-02-20,Sistema Interligado Nacional,"66,53","1.473,16","4.126,80",,,
Eolica,2017-02-21,Norte,"0,00","0,00","0,00",,,
Eolica,2017-02-21,Nordeste,"75,28","1.320,65","3.592,45",,,
Eolica,2017-02-21,Sul,"4,99","232,79","614,63",,,
Eolica,2017-02-21,Sudeste/Centro-Oeste,"0,00","0,00","0,00",,,
Eolica,2017-02-21,Sistema Interligado Nacional,"80,28","1.553,44","4.207,08",,,
Eolica,2017-02-22,Norte,"0,00","0,00","0,00",,,
Eolica,2017-02-22,Nordeste,"87,92","1.408,57","3.680,37",,,
Eolica,2017-02-22,Sul,"2,70","235,49","617,33",,,
Eolica,2017-02-22,Sudeste/Centro-Oeste,"0,00","0,00","0,00",,,
Eolica,2017-02-22,Sistema Interligado Nacional,"90,62","1.644,05","4.297,69",,,
Eolica,2017-02-23,Norte,"0,00","0,00","0,00",,,
Eolica,2017-02-23,Nordeste,"73,75","1.482,32","3.754,12",,,
Eolica,2017-02-23,Sul,"2,87","238,36","620,20",,,
Eolica,2017-02-23,Sudeste/Centro-Oeste,"0,00","0,00","0,00",,,
Eolica,2017-02-23,Sistema Interligado Nacional,"76,62","1.720,67","4.374,31",,,
Eolica,2017-02-24,Norte,"0,00","0,00","0,00",,,
Eolica,2017-02-24,Nordeste,"69,99","1.552,31","3.824,11",,,
Eolica,2017-02-24,Sul,"1,43","239,79","621,63",,,
Eolica,2017-02-24,Sudeste/Centro-Oeste,"0,00","0,00","0,00",,,
Eolica,2017-02-24,Sistema Interligado Nacional,"71,42","1.792,10","4.445,74",,,
Eolica,2017-02-25,Norte,"0,00","0,00","0,00",,,
Eolica,2017-02-25,Nordeste,"61,95","1.614,26","3.886,06",,,
Eolica,2017-02-25,Sul,"1,90","241,68","623,52",,,
Eolica,2017-02-25,Sudeste/Centro-Oeste,"0,00","0,00","0,00",,,
Eolica,2017-02-25,Sistema Interligado Nacional,"63,84","1.855,94","4.509,58",,,
Eolica,2017-02-26,Norte,"0,00","0,00","0,00",,,
Eolica,2017-02-26,Nordeste,"45,66","1.659,91","3.931,72",,,
Eolica,2017-02-26,Sul,"5,96","247,65","629,49",,,
Eolica,2017-02-26,Sudeste/Centro-Oeste,"0,00","0,00","0,00",,,
Eolica,2017-02-26,Sistema Interligado Nacional,"51,62","1.907,56","4.561,20",,,
Eolica,2017-02-27,Norte,"0,00","0,00","0,00",,,
Eolica,2017-02-27,Nordeste,"55,45","1.715,36","3.987,16",,,
Eolica,2017-02-27,Sul,"9,76","257,41","639,25",,,
Eolica,2017-02-27,Sudeste/Centro-Oeste,"0,00","0,00","0,00",,,
Eolica,2017-02-27,Sistema Interligado Nacional,"65,21","1.972,77","4.626,41",,,
Eolica,2017-02-28,Norte,"0,00","0,00","0,00",,,
Eolica,2017-02-28,Nordeste,"51,35","1.766,72","4.038,52",,,
Eolica,2017-02-28,Sul,"5,72","263,13","644,97",,,
Eolica,2017-02-28,Sudeste/Centro-Oeste,"0,00","0,00","0,00",,,
Eolica,2017-02-28,Sistema Interligado Nacional,"57,07","2.029,84","4.683,48",,,
Eolica,2017-03-01,Norte,"0,00","0,00","0,00",,,
Eolica,2017-03-01,Nordeste,"42,07","42,07","4.080,59",,,
Eolica,2017-03-01,Sul,"5,42","5,42","650,38",,,
Eolica,2017-03-01,Sudeste/Centro-Oeste,"0,00","0,00","0,00",,,
Eolica,2017-03-01,Sistema Interligado Nacional,"47,49","47,49","4.730,97",,,
Eolica,2017-03-02,Norte,"0,00","0,00","0,00",,,
Eolica,2017-03-02,Nordeste,"43,41","85,49","4.124,00",,,
Eolica,2017-03-02,Sul,"8,29","13,71","658,68",,,
Eolica,2017-03-02,Sudeste/Centro-Oeste,"0,00","0,00","0,00",,,
Eolica,2017-03-02,Sistema Interligado Nacional,"51,71","99,20","4.782,68",,,
Eolica,2017-03-03,Norte,"0,00","0,00","0,00",,,
Eolica,2017-03-03,Nordeste,"55,25","140,74","4.179,25",,,
Eolica,2017-03-03,Sul,"12,74","26,45","671,41",,,
Eolica,2017-03-03,Sudeste/Centro-Oeste,"0,00","0,00","0,00",,,
Eolica,2017-03-03,Sistema Interligado Nacional,"67,99","167,19","4.850,67",,,
Eolica,2017-03-04,Norte,"0,00","0,00","0,00",,,
Eolica,2017-03-04,Nordeste,"54,73","195,46","4.233,98",,,
Eolica,2017-03-04,Sul,"17,96","44,41","689,38",,,
Eolica,2017-03-04,Sudeste/Centro-Oeste,"0,00","0,00","0,00",,,
Eolica,2017-03-04,Sistema Interligado Nacional,"72,69","239,87","4.923,36",,,
Eolica,2017-03-05,Norte,"0,00","0,00","0,00",,,
Eolica,2017-03-05,Nordeste,"51,43","246,89","4.285,41",,,
Eolica,2017-03-05,Sul,"12,48","56,90","701,86",,,
Eolica,2017-03-05,Sudeste/Centro-Oeste,"0,00","0,00","0,00",,,
Eolica,2017-03-05,Sistema Interligado Nacional,"63,91","303,79","4.987,27",,,
Eolica,2017-03-06,Norte,"0,00","0,00","0,00",,,
Eolica,2017-03-06,Nordeste,"56,23","303,13","4.341,64",,,
Eolica,2017-03-06,Sul,"7,37","64,26","709,23",,,
Eolica,2017-03-06,Sudeste/Centro-Oeste,"0,00","0,00","0,00",,,
Eolica,2017-03-06,Sistema Interligado Nacional,"63,60","367,39","5.050,87",,,
Eolica,2017-03-07,Norte,"0,00","0,00","0,00",,,
Eolica,2017-03-07,Nordeste,"60,33","363,46","4.401,97",,,
Eolica,2017-03-07,Sul,"7,17","71,43","716,40",,,
Eolica,2017-03-07,Sudeste/Centro-Oeste,"0,00","0,00","0,00",,,
Eolica,2017-03-07,Sistema Interligado Nacional,"67,50","434,89","5.118,37",,,
Eolica,2017-03-08,Norte,"0,00","0,00","0,00",,,
Eolica,2017-03-08,Nordeste,"59,59","423,05","4.461,56",,,
Eolica,2017-03-08,Sul,"27,45","98,88","743,85",,,
Eolica,2017-03-08,Sudeste/Centro-Oeste,"0,00","0,00","0,00",,,
Eolica,2017-03-08,Sistema Interligado Nacional,"87,04","521,93","5.205,41",,,
Eolica,2017-03-09,Norte,"0,00","0,00","0,00",,,
Eolica,2017-03-09,Nordeste,"60,96","484,01","4.522,53",,,
Eolica,2017-03-09,Sul,"23,19","122,07","767,03",,,
Eolica,2017-03-09,Sudeste/Centro-Oeste,"0,00","0,00","0,00",,,
Eolica,2017-03-09,Sistema Interligado Nacional,"84,15","606,08","5.289,56",,,
Eolica,2017-03-10,Norte,"0,00","0,00","0,00",,,
Eolica,2017-03-10,Nordeste,"70,93","554,94","4.593,46",,,
Eolica,2017-03-10,Sul,"13,83","135,90","780,86",,,
Eolica,2017-03-10,Sudeste/Centro-Oeste,"0,00","0,00","0,00",,,
Eolica,2017-03-10,Sistema Interligado Nacional,"84,76","690,84","5.374,32",,,
Eolica,2017-03-11,Norte,"0,00","0,00","0,00",,,
Eolica,2017-03-11,Nordeste,"41,47","596,42","4.634,93",,,
Eolica,2017-03-11,Sul,"10,41","146,31","791,28",,,
Eolica,2017-03-11,Sudeste/Centro-Oeste,"0,00","0,00","0,00",,,
Eolica,2017-03-11,Sistema Interligado Nacional,"51,89","742,73","5.426,21",,,
Eolica,2017-03-12,Norte,"0,00","0,00","0,00",,,
Eolica,2017-03-12,Nordeste,"49,38","645,79","4.684,31",,,
Eolica,2017-03-12,Sul,"21,51","167,82","812,79",,,
Eolica,2017-03-12,Sudeste/Centro-Oeste,"0,00","0,00","0,00",,,
Eolica,2017-03-12,Sistema Interligado Nacional,"70,89","813,62","5.497,10",,,
Eolica,2017-03-13,Norte,"0,00","0,00","0,00",,,
Eolica,2017-03-13,Nordeste,"37,35","683,14","4.721,66",,,
Eolica,2017-03-13,Sul,"12,64","180,47","825,43",,,
Eolica,2017-03-13,Sudeste/Centro-Oeste,"0,00","0,00","0,00",,,
Eolica,2017-03-13,Sistema Interligado Nacional,"49,99","863,61","5.547,09",,,
Eolica,2017-03-14,Norte,"0,00","0,00","0,00",,,
Eolica,2017-03-14,Nordeste,"48,19","731,33","4.769,84",,,
Eolica,2017-03-14,Sul,"5,97","186,44","831,40",,,
Eolica,2017-03-14,Sudeste/Centro-Oeste,"0,00","0,00","0,00",,,
Eolica,2017-03-14,Sistema Interligado Nacional,"54,15","917,76","5.601,24",,,
Eolica,2017-03-15,Norte,"0,00","0,00","0,00",,,
Eolica,2017-03-15,Nordeste,"45,90","777,23","4.815,75",,,
Eolica,2017-03-15,Sul,"17,47","203,91","848,87",,,
Eolica,2017-03-15,Sudeste/Centro-Oeste,"0,00","0,00","0,00",,,
Eolica,2017-03-15,Sistema Interligado Nacional,"63,37","981,14","5.664,62",,,
Eolica,2017-03-16,Norte,"0,00","0,00","0,00",,,
Eolica,2017-03-16,Nordeste,"48,64","825,87","4.864,39",,,
Eolica,2017-03-16,Sul,"19,67","223,58","868,54",,,
Eolica,2017-03-16,Sudeste/Centro-Oeste,"0,00","0,00","0,00",,,
Eolica,2017-03-16,Sistema Interligado Nacional,"68,31","1.049,45","5.732,93",,,
Eolica,2017-03-17,Norte,"0,00","0,00","0,00",,,
Eolica,2017-03-17,Nordeste,"39,05","864,92","4.903,44",,,
Eolica,2017-03-17,Sul,"17,34","240,92","885,88",,,
Eolica,2017-03-17,Sudeste/Centro-Oeste,"0,00","0,00","0,00",,,
Eolica,2017-03-17,Sistema Interligado Nacional,"56,39","1.105,84","5.789,32",,,
Eolica,2017-03-18,Norte,"0,00","0,00","0,00",,,
Eolica,2017-03-18,Nordeste,"24,64","889,56","4.928,07",,,
Eolica,2017-03-18,Sul,"6,32","247,24","892,20",,,
Eolica,2017-03-18,Sudeste/Centro-Oeste,"0,00","0,00","0,00",,,
Eolica,2017-03-18,Sistema Interligado Nacional,"30,96","1.136,80","5.820,28",,,
Eolica,2017-03-19,Norte,"0,00","0,00","0,00",,,
Eolica,2017-03-19,Nordeste,"43,87","933,42","4.971,94",,,
Eolica,2017-03-19,Sul,"8,92","256,15","901,12",,,
Eolica,2017-03-19,Sudeste/Centro-Oeste,"0,00","0,00","0,00",,,
Eolica,2017-03-19,Sistema Interligado Nacional,"52,78","1.189,58","5.873,06",,,
Eolica,2017-03-20,Norte,"0,00","0,00","0,00",,,
Eolica,2017-03-20,Nordeste,"61,42","994,84","5.033,35",,,
Eolica,2017-03-20,Sul,"13,80","269,96","914,92",,,
Eolica,2017-03-20,Sudeste/Centro-Oeste,"0,00","0,00","0,00",,,
Eolica,2017-03-20,Sistema Interligado Nacional,"75,22","1.264,80","5.948,28",,,
Eolica,2017-03-21,Norte,"0,00","0,00","0,00",,,
Eolica,2017-03-21,Nordeste,"41,25","1.036,09","5.074,61",,,
Eolica,2017-03-21,Sul,"18,55","288,50","933,47",,,
Eolica,2017-03-21,Sudeste/Centro-Oeste,"0,00","0,00","0,00",,,
Eolica,2017-03-21,Sistema Interligado Nacional,"59,80","1.324,59","6.008,08",,,
Eolica,2017-03-22,Norte,"0,00","0,00","0,00",,,
Eolica,2017-03-22,Nordeste,"46,80","1.082,89","5.121,41",,,
Eolica,2017-03-22,Sul,"18,94","307,44","952,41",,,
Eolica,2017-03-22,Sudeste/Centro-Oeste,"0,00","0,00","0,00",,,
Eolica,2017-03-22,Sistema Interligado Nacional,"65,74","1.390,33","6.073,82",,,
Eolica,2017-03-23,Norte,"0,00","0,00","0,00",,,
Eolica,2017-03-23,Nordeste,"49,51","1.132,40","5.170,91",,,
Eolica,2017-03-23,Sul,"13,82","321,26","966,22",,,
Eolica,2017-03-23,Sudeste/Centro-Oeste,"0,00","0,00","0,00",,,
Eolica,2017-03-23,Sistema Interligado Nacional,"63,32","1.453,66","6.137,14",,,
Eolica,2017-03-24,Norte,"0,00","0,00","0,00",,,
Eolica,2017-03-24,Nordeste,"56,47","1.188,87","5.227,38",,,
Eolica,2017-03-24,Sul,"4,58","325,84","970,80",,,
Eolica,2017-03-24,Sudeste/Centro-Oeste,"0,00","0,00","0,00",,,
Eolica,2017-03-24,Sistema Interligado Nacional,"61,05","1.514,70","6.198,19",,,
Eolica,2017-03-25,Norte,"0,00","0,00","0,00",,,
Eolica,2017-03-25,Nordeste,"48,68","1.237,55","5.276,07",,,
Eolica,2017-03-25,Sul,"11,42","337,26","982,22",,,
Eolica,2017-03-25,Sudeste/Centro-Oeste,"0,00","0,00","0,00",,,
Eolica,2017-03-25,Sistema Interligado Nacional,"60,11","1.574,81","6.258,29",,,
Eolica,2017-03-26,Norte,"0,00","0,00","0,00",,,
Eolica,2017-03-26,Nordeste,"50,94","1.288,50","5.327,01",,,
Eolica,2017-03-26,Sul,"24,39","361,65","1.006,61",,,
Eolica,2017-03-26,Sudeste/Centro-Oeste,"0,00","0,00","0,00",,,
Eolica,2017-03-26,Sistema Interligado Nacional,"75,33","1.650,14","6.333,62",,,
Eolica,2017-03-27,Norte,"0,00","0,00","0,00",,,
Eolica,2017-03-27,Nordeste,"34,87","1.323,36","5.361,88",,,
Eolica,2017-03-27,Sul,"18,81","380,46","1.025,42",,,
Eolica,2017-03-27,Sudeste/Centro-Oeste,"0,00","0,00","0,00",,,
Eolica,2017-03-27,Sistema Interligado Nacional,"53,68","1.703,82","6.387,30",,,
Eolica,2017-03-28,Norte,"0,00","0,00","0,00",,,
Eolica,2017-03-28,Nordeste,"32,27","1.355,64","5.394,15",,,
Eolica,2017-03-28,Sul,"18,06","398,51","1.043,48",,,
Eolica,2017-03-28,Sudeste/Centro-Oeste,"0,00","0,00","0,00",,,
Eolica,2017-03-28,Sistema Interligado Nacional,"50,33","1.754,15","6.437,63",,,
Eolica,2017-03-29,Norte,"0,00","0,00","0,00",,,
Eolica,2017-03-29,Nordeste,"27,18","1.382,82","5.421,33",,,
Eolica,2017-03-29,Sul,"23,25","421,77","1.066,73",,,
Eolica,2017-03-29,Sudeste/Centro-Oeste,"0,00","0,00","0,00",,,
Eolica,2017-03-29,Sistema Interligado Nacional,"50,43","1.804,58","6.488,06",,,
Eolica,2017-03-30,Norte,"0,00","0,00","0,00",,,
Eolica,2017-03-30,Nordeste,"28,68","1.411,50","5.450,01",,,
Eolica,2017-03-30,Sul,"20,96","442,72","1.087,69",,,
Eolica,2017-03-30,Sudeste/Centro-Oeste,"0,00","0,00","0,00",,,
Eolica,2017-03-30,Sistema Interligado Nacional,"49,64","1.854,22","6.537,70",,,
Eolica,2017-03-31,Norte,"0,00","0,00","0,00",,,
Eolica,2017-03-31,Nordeste,"32,79","1.444,29","5.482,80",,,
Eolica,2017-03-31,Sul,"16,79","459,51","1.104,47",,,
Eolica,2017-03-31,Sudeste/Centro-Oeste,"0,00","0,00","0,00",,,
Eolica,2017-03-31,Sistema Interligado Nacional,"49,58","1.903,80","6.587,28",,,
Eolica,2017-04-01,Norte,"0,00","0,00","0,00",,,
Eolica,2017-04-01,Nordeste,"44,33","44,33","5.569,68",,,
Eolica,2017-04-01,Sul,"22,94","22,94","1.127,02",,,
Eolica,2017-04-01,Sudeste/Centro-Oeste,"0,00","0,00","0,00",,,
Eolica,2017-04-01,Sistema Interligado Nacional,"67,27","67,27","6.696,70",,,
Eolica,2017-04-02,Norte,"0,00","0,00","0,00",,,
Eolica,2017-04-02,Nordeste,"35,16","77,69","5.560,50",,,
Eolica,2017-04-02,Sul,"23,58","46,53","1.151,00",,,
Eolica,2017-04-02,Sudeste/Centro-Oeste,"0,00","0,00","0,00",,,
Eolica,2017-04-02,Sistema Interligado Nacional,"58,74","124,22","6.711,50",,,
Eolica,2017-04-03,Norte,"0,00","0,00","0,00",,,
Eolica,2017-04-03,Nordeste,"71,38","149,07","5.631,88",,,
Eolica,2017-04-03,Sul,"18,47","64,99","1.169,47",,,
Eolica,2017-04-03,Sudeste/Centro-Oeste,"0,00","0,00","0,00",,,
Eolica,2017-04-03,Sistema Interligado Nacional,"89,85","214,07","6.801,34",,,
Eolica,2017-04-04,Norte,"0,00","0,00","0,00",,,
Eolica,2017-04-04,Nordeste,"74,26","223,33","5.706,14",,,
Eolica,2017-04-04,Sul,"9,46","74,45","1.178,93",,,
Eolica,2017-04-04,Sudeste/Centro-Oeste,"0,00","0,00","0,00",,,
Eolica,2017-04-04,Sistema Interligado Nacional,"83,72","297,79","6.885,07",,,
Eolica,2017-04-05,Norte,"0,00","0,00","0,00",,,
Eolica,2017-04-05,Nordeste,"83,60","306,93","5.789,74",,,
Eolica,2017-04-05,Sul,"9,11","83,56","1.188,03",,,
Eolica,2017-04-05,Sudeste/Centro-Oeste,"0,00","0,00","0,00",,,
Eolica,2017-04-05,Sistema Interligado Nacional,"92,70","390,49","6.977,77",,,
Eolica,2017-04-06,Norte,"0,00","0,00","0,00",,,
Eolica,2017-04-06,Nordeste,"88,86","397,58","5.880,39",,,
Eolica,2017-04-06,Sul,"6,45","90,01","1.194,49",,,
Eolica,2017-04-06,Sudeste/Centro-Oeste,"0,00","0,00","0,00",,,
Eolica,2017-04-06,Sistema Interligado Nacional,"95,31","487,59","7.074,87",,,
Eolica,2017-04-07,Norte,"0,00","0,00","0,00",,,
Eolica,2017-04-07,Nordeste,"81,05","478,64","5.961,44",,,
Eolica,2017-04-07,Sul,"24,67","114,69","1.219,16",,,
Eolica,2017-04-07,Sudeste/Centro-Oeste,"0,00","0,00","0,00",,,
Eolica,2017-04-07,Sistema Interligado Nacional,"105,73","593,32","7.180,60",,,
Eolica,2017-04-08,Norte,"0,00","0,00","0,00",,,
Eolica,2017-04-08,Nordeste,"92,23","570,87","6.053,67",,,
Eolica,2017-04-08,Sul,"36,17","150,86","1.255,33",,,
Eolica,2017-04-08,Sudeste/Centro-Oeste,"0,00","0,00","0,00",,,
Eolica,2017-04-08,Sistema Interligado Nacional,"128,41","721,73","7.309,01",,,
Eolica,2017-04-09,Norte,"0,00","0,00","0,00",,,
Eolica,2017-04-09,Nordeste,"79,49","650,36","6.133,16",,,
Eolica,2017-04-09,Sul,"35,29","186,15","1.290,62",,,
Eolica,2017-04-09,Sudeste/Centro-Oeste,"0,00","0,00","0,00",,,
Eolica,2017-04-09,Sistema Interligado Nacional,"114,78","836,50","7.423,78",,,
Eolica,2017-04-10,Norte,"0,00","0,00","0,00",,,
Eolica,2017-04-10,Nordeste,"55,72","706,08","6.188,88",,,
Eolica,2017-04-10,Sul,"30,70","216,84","1.321,32",,,
Eolica,2017-04-10,Sudeste/Centro-Oeste,"0,00","0,00","0,00",,,
Eolica,2017-04-10,Sistema Interligado Nacional,"86,42","922,92","7.510,20",,,
Eolica,2017-04-11,Norte,"0,00","0,00","0,00",,,
Eolica,2017-04-11,Nordeste,"38,07","744,15","6.267,78",,,
Eolica,2017-04-11,Sul,"27,91","244,75","1.349,19",,,
Eolica,2017-04-11,Sudeste/Centro-Oeste,"0,00","0,00","0,00",,,
Eolica,2017-04-11,Sistema Interligado Nacional,"65,98","988,90","7.616,97",,,
Eolica,2017-04-12,Norte,"0,00","0,00","0,00",,,
Eolica,2017-04-12,Nordeste,"34,02","778,17","6.300,78",,,
Eolica,2017-04-12,Sul,"9,98","254,73","1.359,12",,,
Eolica,2017-04-12,Sudeste/Centro-Oeste,"0,00","0,00","0,00",,,
Eolica,2017-04-12,Sistema Interligado Nacional,"44,00","1.032,89","7.659,91",,,
Eolica,2017-04-13,Norte,"0,00","0,00","0,00",,,
Eolica,2017-04-13,Nordeste,"57,88","838,27","6.363,62",,,
Eolica,2017-04-13,Sul,"6,44","261,16","1.365,24",,,
Eolica,2017-04-13,Sudeste/Centro-Oeste,"0,00","0,00","0,00",,,
Eolica,2017-04-13,Sistema Interligado Nacional,"64,31","1.099,43","7.728,86",,,
Eolica,2017-04-14,Norte,"0,00","0,00","0,00",,,
Eolica,2017-04-14,Nordeste,"86,12","924,39","6.449,74",,,
Eolica,2017-04-14,Sul,"6,96","268,13","1.372,21",,,
Eolica,2017-04-14,Sudeste/Centro-Oeste,"0,00","0,00","0,00",,,
Eolica,2017-04-14,Sistema Interligado Nacional,"93,08","1.192,52","7.821,94",,,
Eolica,2017-04-15,Norte,"0,00","0,00","0,00",,,
Eolica,2017-04-15,Nordeste,"83,90","1.008,29","6.533,64",,,
Eolica,2017-04-15,Sul,"6,97","275,10","1.379,18",,,
Eolica,2017-04-15,Sudeste/Centro-Oeste,"0,00","0,00","0,00",,,
Eolica,2017-04-15,Sistema Interligado Nacional,"90,87","1.283,39","7.912,82",,,
Eolica,2017-04-16,Norte,"0,00","0,00","0,00",,,
Eolica,2017-04-16,Nordeste,"75,55","1.083,84","6.609,19",,,
Eolica,2017-04-16,Sul,"9,34","284,44","1.388,52",,,
Eolica,2017-04-16,Sudeste/Centro-Oeste,"0,00","0,00","0,00",,,
Eolica,2017-04-16,Sistema Interligado Nacional,"84,89","1.368,29","7.997,71",,,
Eolica,2017-04-17,Norte,"0,00","0,00","0,00",,,
Eolica,2017-04-17,Nordeste,"54,80","1.138,64","6.663,99",,,
Eolica,2017-04-17,Sul,"10,28","294,73","1.398,80",,,
Eolica,2017-04-17,Sudeste/Centro-Oeste,"0,00","0,00","0,00",,,
Eolica,2017-04-17,Sistema Interligado Nacional,"65,08","1.433,36","8.062,79",,,
Eolica,2017-04-18,Norte,"0,00","0,00","0,00",,,
Eolica,2017-04-18,Nordeste,"54,82","1.193,46","6.718,80",,,
Eolica,2017-04-18,Sul,"16,53","311,26","1.415,33",,,
Eolica,2017-04-18,Sudeste/Centro-Oeste,"0,00","0,00","0,00",,,
Eolica,2017-04-18,Sistema Interligado Nacional,"71,35","1.504,71","8.134,14",,,
Eolica,2017-04-19,Norte,"0,00","0,00","0,00",,,
Eolica,2017-04-19,Nordeste,"68,77","1.262,23","6.787,58",,,
Eolica,2017-04-19,Sul,"32,44","343,70","1.447,78",,,
Eolica,2017-04-19,Sudeste/Centro-Oeste,"0,00","0,00","0,00",,,
Eolica,2017-04-19,Sistema Interligado Nacional,"101,22","1.605,93","8.235,35",,,
Eolica,2017-04-20,Norte,"0,00","0,00","0,00",,,
Eolica,2017-04-20,Nordeste,"68,89","1.331,12","6.856,47",,,
Eolica,2017-04-20,Sul,"15,21","358,91","1.462,99",,,
Eolica,2017-04-20,Sudeste/Centro-Oeste,"0,00","0,00","0,00",,,
Eolica,2017-04-20,Sistema Interligado Nacional,"84,10","1.690,03","8.319,46",,,
Eolica,2017-04-21,Norte,"0,00","0,00","0,00",,,
Eolica,2017-04-21,Nordeste,"50,93","1.382,05","6.907,40",,,
Eolica,2017-04-21,Sul,"8,41","367,32","1.471,40",,,
Eolica,2017-04-21,Sudeste/Centro-Oeste,"0,00","0,00","0,00",,,
Eolica,2017-04-21,Sistema Interligado Nacional,"59,34","1.749,37","8.378,80",,,
Eolica,2017-04-22,Norte,"0,00","0,00","0,00",,,
Eolica,2017-04-22,Nordeste,"42,21","1.424,26","6.949,61",,,
Eolica,2017-04-22,Sul,"6,80","374,12","1.478,20",,,
Eolica,2017-04-22,Sudeste/Centro-Oeste,"0,00","0,00","0,00",,,
Eolica,2017-04-22,Sistema Interligado Nacional,"49,00","1.798,38","8.427,81",,,
Eolica,2017-04-23,Norte,"0,00","0,00","0,00",,,
Eolica,2017-04-23,Nordeste,"34,16","1.458,42","6.983,77",,,
Eolica,2017-04-23,Sul,"2,75","376,87","1.480,95",,,
Eolica,2017-04-23,Sudeste/Centro-Oeste,"0,00","0,00","0,00",,,
Eolica,2017-04-23,Sistema Interligado Nacional,"36,91","1.835,29","8.464,72",,,
Eolica,2017-04-24,Norte,"0,00","0,00","0,00",,,
Eolica,2017-04-24,Nordeste,"65,57","1.524,00","7.049,35",,,
Eolica,2017-04-24,Sul,"11,19","388,06","1.492,14",,,
Eolica,2017-04-24,Sudeste/Centro-Oeste,"0,00","0,00","0,00",,,
Eolica,2017-04-24,Sistema Interligado Nacional,"76,77","1.912,06","8.541,49",,,
Eolica,2017-04-25,Norte,"0,00","0,00","0,00",,,
Eolica,2017-04-25,Nordeste,"75,29","1.599,28","7.124,63",,,
Eolica,2017-04-25,Sul,"15,51","403,58","1.507,65",,,
Eolica,2017-04-25,Sudeste/Centro-Oeste,"0,00","0,00","0,00",,,
Eolica,2017-04-25,Sistema Interligado Nacional,"90,80","2.002,86","8.632,29",,,
Eolica,2017-04-26,Norte,"0,00","0,00","0,00",,,
Eolica,2017-04-26,Nordeste,"59,66","1.658,94","7.184,29",,,
Eolica,2017-04-26,Sul,"33,77","437,34","1.541,42",,,
Eolica,2017-04-26,Sudeste/Centro-Oeste,"0,00","0,00","0,00",,,
Eolica,2017-04-26,Sistema Interligado Nacional,"93,43","2.096,29","8.725,71",,,
Eolica,2017-04-27,Norte,"0,00","0,00","0,00",,,
Eolica,2017-04-27,Nordeste,"59,07","1.718,02","7.243,36",,,
Eolica,2017-04-27,Sul,"31,04","468,39","1.572,46",,,
Eolica,2017-04-27,Sudeste/Centro-Oeste,"0,00","0,00","0,00",,,
Eolica,2017-04-27,Sistema Interligado Nacional,"90,11","2.186,40","8.815,83",,,
Eolica,2017-04-28,Norte,"0,00","0,00","0,00",,,
Eolica,2017-04-28,Nordeste,"62,74","1.780,76","7.306,11",,,
Eolica,2017-04-28,Sul,"18,39","486,78","1.590,86",,,
Eolica,2017-04-28,Sudeste/Centro-Oeste,"0,00","0,00","0,00",,,
Eolica,2017-04-28,Sistema Interligado Nacional,"81,13","2.267,53","8.896,96",,,
Eolica,2017-04-29,Norte,"0,00","0,00","0,00",,,
Eolica,2017-04-29,Nordeste,"81,86","1.862,62","7.387,97",,,
Eolica,2017-04-29,Sul,"6,53","493,31","1.597,39",,,
Eolica,2017-04-29,Sudeste/Centro-Oeste,"0,00","0,00","0,00",,,
Eolica,2017-04-29,Sistema Interligado Nacional,"88,39","2.355,92","8.985,35",,,
Eolica,2017-04-30,Norte,"0,00","0,00","0,00",,,
Eolica,2017-04-30,Nordeste,"66,48","1.929,10","7.454,45",,,
Eolica,2017-04-30,Sul,"5,34","498,65","1.602,72",,,
Eolica,2017-04-30,Sudeste/Centro-Oeste,"0,00","0,00","0,00",,,
Eolica,2017-04-30,Sistema Interligado Nacional,"71,82","2.427,75","9.057,17",,,
Eolica,2017-05-01,Norte,"0,00","0,00","0,00",,,
Eolica,2017-05-01,Nordeste,"85,08","85,08","7.539,53",,,
Eolica,2017-05-01,Sul,"5,03","5,03","1.607,75",,,
Eolica,2017-05-01,Sudeste/Centro-Oeste,"0,00","0,00","0,00",,,
Eolica,2017-05-01,Sistema Interligado Nacional,"90,11","90,11","9.147,28",,,
Eolica,2017-05-02,Norte,"0,00","0,00","0,00",,,
Eolica,2017-05-02,Nordeste,"78,14","163,21","7.617,66",,,
Eolica,2017-05-02,Sul,"17,45","22,48","1.625,20",,,
Eolica,2017-05-02,Sudeste/Centro-Oeste,"0,00","0,00","0,00",,,
Eolica,2017-05-02,Sistema Interligado Nacional,"95,59","185,69","9.242,87",,,
Eolica,2017-05-03,Norte,"0,00","0,00","0,00",,,
Eolica,2017-05-03,Nordeste,"85,66","248,88","7.717,84",,,
Eolica,2017-05-03,Sul,"7,35","29,82","1.633,14",,,
Eolica,2017-05-03,Sudeste/Centro-Oeste,"0,00","0,00","0,00",,,
Eolica,2017-05-03,Sistema Interligado Nacional,"93,01","278,70","9.350,97",,,
Eolica,2017-05-04,Norte,"0,00","0,00","0,00",,,
Eolica,2017-05-04,Nordeste,"81,35","330,23","7.799,18",,,
Eolica,2017-05-04,Sul,"2,58","32,40","1.635,71",,,
Eolica,2017-05-04,Sudeste/Centro-Oeste,"0,00","0,00","0,00",,,
Eolica,2017-05-04,Sistema Interligado Nacional,"83,92","362,63","9.434,90",,,
Eolica,2017-05-05,Norte,"0,00","0,00","0,00",,,
Eolica,2017-05-05,Nordeste,"72,56","402,78","7.871,74",,,
Eolica,2017-05-05,Sul,"1,55","33,95","1.637,26",,,
Eolica,2017-05-05,Sudeste/Centro-Oeste,"0,00","0,00","0,00",,,
Eolica,2017-05-05,Sistema Interligado Nacional,"74,10","436,73","9.509,00",,,
Eolica,2017-05-06,Norte,"0,00","0,00","0,00",,,
Eolica,2017-05-06,Nordeste,"75,03","477,81","7.946,77",,,
Eolica,2017-05-06,Sul,"10,43","44,37","1.647,69",,,
Eolica,2017-05-06,Sudeste/Centro-Oeste,"0,00","0,00","0,00",,,
Eolica,2017-05-06,Sistema Interligado Nacional,"85,45","522,18","9.594,45",,,
Eolica,2017-05-07,Norte,"0,00","0,00","0,00",,,
Eolica,2017-05-07,Nordeste,"54,08","531,89","8.000,85",,,
Eolica,2017-05-07,Sul,"22,92","67,29","1.670,60",,,
Eolica,2017-05-07,Sudeste/Centro-Oeste,"0,00","0,00","0,00",,,
Eolica,2017-05-07,Sistema Interligado Nacional,"77,00","599,19","9.671,45",,,
Eolica,2017-05-08,Norte,"0,00","0,00","0,00",,,
Eolica,2017-05-08,Nordeste,"56,47","588,36","8.057,32",,,
Eolica,2017-05-08,Sul,"13,30","80,60","1.683,91",,,
Eolica,2017-05-08,Sudeste/Centro-Oeste,"0,00","0,00","0,00",,,
Eolica,2017-05-08,Sistema Interligado Nacional,"69,77","668,96","9.741,23",,,
Eolica,2017-05-09,Norte,"0,00","0,00","0,00",,,
Eolica,2017-05-09,Nordeste,"51,07","639,43","8.108,39",,,
Eolica,2017-05-09,Sul,"18,79","99,39","1.702,70",,,
Eolica,2017-05-09,Sudeste/Centro-Oeste,"0,00","0,00","0,00",,,
Eolica,2017-05-09,Sistema Interligado Nacional,"69,86","738,82","9.811,09",,,
Eolica,2017-05-10,Norte,"0,00","0,00","0,00",,,
Eolica,2017-05-10,Nordeste,"67,17","706,60","8.175,56",,,
Eolica,2017-05-10,Sul,"14,53","113,92","1.717,23",,,
Eolica,2017-05-10,Sudeste/Centro-Oeste,"0,00","0,00","0,00",,,
Eolica,2017-05-10,Sistema Interligado Nacional,"81,70","820,52","9.892,79",,,
Eolica,2017-05-11,Norte,"0,00","0,00","0,00",,,
Eolica,2017-05-11,Nordeste,"75,55","782,15","8.251,10",,,
Eolica,2017-05-11,Sul,"14,10","128,02","1.731,34",,,
Eolica,2017-05-11,Sudeste/Centro-Oeste,"0,00","0,00","0,00",,,
Eolica,2017-05-11,Sistema Interligado Nacional,"89,65","910,17","9.982,44",,,
Eolica,2017-05-12,Norte,"0,00","0,01","0,01",,,
Eolica,2017-05-12,Nordeste,"89,95","872,09","8.341,05",,,
Eolica,2017-05-12,Sul,"28,81","160,74","1.764,05",,,
Eolica,2017-05-12,Sudeste/Centro-Oeste,"0,00","0,00","0,00",,,
Eolica,2017-05-12,Sistema Interligado Nacional,"118,76","1.032,85","10.105,12",,,
Eolica,2017-05-13,Norte,"0,00","0,01","0,01",,,
Eolica,2017-05-13,Nordeste,"78,22","950,31","8.419,27",,,
Eolica,2017-05-13,Sul,"12,96","173,71","1.777,02",,,
Eolica,2017-05-13,Sudeste/Centro-Oeste,"0,00","0,00","0,00",,,
Eolica,2017-05-13,Sistema Interligado Nacional,"91,18","1.124,03","10.196,29",,,
Eolica,2017-05-14,Norte,"0,00","0,01","0,01",,,
Eolica,2017-05-14,Nordeste,"57,38","1.007,69","8.476,64",,,
Eolica,2017-05-14,Sul,"20,92","194,63","1.797,94",,,
Eolica,2017-05-14,Sudeste/Centro-Oeste,"0,00","0,00","0,00",,,
Eolica,2017-05-14,Sistema Interligado Nacional,"78,30","1.202,33","10.274,59",,,
Eolica,2017-05-15,Norte,"0,01","0,02","0,02",,,
Eolica,2017-05-15,Nordeste,"32,61","1.040,30","8.509,25",,,
Eolica,2017-05-15,Sul,"7,92","203,13","1.806,44",,,
Eolica,2017-05-15,Sudeste/Centro-Oeste,"0,00","0,00","0,00",,,
Eolica,2017-05-15,Sistema Interligado Nacional,"40,53","1.243,44","10.315,71",,,
Eolica,2017-05-16,Norte,"0,00","0,02","0,02","0,00","0,05","0,01"
Eolica,2017-05-16,Nordeste,"41,70","1.081,99","8.550,95","1.737,33","2.817,69","2.619,78"
Eolica,2017-05-16,Sul,"3,22","206,35","1.809,66","134,10","537,37","554,43"
Eolica,2017-05-16,Sudeste/Centro-Oeste,"0,00","0,00","0,00","0,00","0,00","0,00"
Eolica,2017-05-16,Sistema Interligado Nacional,"44,91","1.288,36","10.360,63","1.871,43","3.355,10","3.174,21"
Eolica,2017-05-17,Norte,"0,00","0,02","0,02","0,00","0,05","0,01"
Eolica,2017-05-17,Nordeste,"55,42","1.137,41","8.606,37","2.309,15","2.787,77","2.617,51"
Eolica,2017-05-17,Sul,"10,83","217,18","1.820,49","451,21","532,30","553,68"
Eolica,2017-05-17,Sudeste/Centro-Oeste,"0,00","0,00","0,00","0,00","0,00","0,00"
Eolica,2017-05-17,Sistema Interligado Nacional,"66,25","1.354,61","10.426,88","2.760,36","3.320,12","3.171,19"
Eolica,2017-05-18,Norte,"0,00","0,02","0,02","0,00","0,04","0,01"
Eolica,2017-05-18,Nordeste,"63,68","1.201,10","8.670,05","2.653,49","2.780,31","2.617,77"
Eolica,2017-05-18,Sul,"35,93","252,46","1.855,77","1.496,97","584,39","560,32"
Eolica,2017-05-18,Sudeste/Centro-Oeste,"0,00","0,00","0,00","0,00","0,00","0,00"
Eolica,2017-05-18,Sistema Interligado Nacional,"99,61","1.453,57","10.525,84","4.150,46","3.364,75","3.178,09"
Eolica,2017-05-19,Norte,"0,00","0,02","0,02","0,00","0,04","0,01"
Eolica,2017-05-19,Nordeste,"73,08","1.274,17","8.743,13","3.044,94","2.794,24","2.620,84"
Eolica,2017-05-19,Sul,"33,22","285,67","1.888,99","1.384,06","626,48","566,24"
Eolica,2017-05-19,Sudeste/Centro-Oeste,"0,00","0,00","0,00","0,00","0,00","0,00"
Eolica,2017-05-19,Sistema Interligado Nacional,"106,30","1.559,87","10.632,14","4.429,00","3.420,76","3.187,09"
Eolica,2017-05-20,Norte,"0,02","0,04","0,04","0,83","0,08","0,01"
Eolica,2017-05-20,Nordeste,"84,39","1.358,56","8.827,52","3.516,13","2.830,33","2.627,24"
Eolica,2017-05-20,Sul,"21,92","307,59","1.910,91","913,37","640,82","568,72"
Eolica,2017-05-20,Sudeste/Centro-Oeste,"0,00","0,00","0,00","0,00","0,00","0,00"
Eolica,2017-05-20,Sistema Interligado Nacional,"106,33","1.666,19","10.738,46","4.430,33","3.471,24","3.195,97"
Eolica,2017-05-21,Norte,"0,05","0,09","0,09","2,12","0,18","0,03"
Eolica,2017-05-21,Nordeste,"104,07","1.462,63","8.931,59","4.336,29","2.902,05","2.639,36"
Eolica,2017-05-21,Sul,"11,20","318,80","1.922,11","466,70","632,53","568,00"
Eolica,2017-05-21,Sudeste/Centro-Oeste,"0,00","0,00","0,00","0,00","0,00","0,00"
Eolica,2017-05-21,Sistema Interligado Nacional,"115,32","1.781,52","10.853,79","4.805,10","3.534,76","3.207,38"
Eolica,2017-05-22,Norte,"0,05","0,14","0,14","2,00","0,26","0,04"
Eolica,2017-05-22,Nordeste,"76,77","1.539,41","9.008,36","3.198,90","2.915,54","2.643,30"
Eolica,2017-05-22,Sul,"6,03","324,82","1.928,13","251,05","615,19","565,77"
Eolica,2017-05-22,Sudeste/Centro-Oeste,"0,00","0,00","0,00","0,00","0,00","0,00"
Eolica,2017-05-22,Sistema Interligado Nacional,"82,85","1.864,36","10.936,63","3.451,95","3.530,99","3.209,11"
Eolica,2017-05-23,Norte,"0,04","0,18","0,18","1,58","0,32","0,05"
Eolica,2017-05-23,Nordeste,"61,11","1.600,51","9.069,47","2.546,16","2.899,48","2.642,62"
Eolica,2017-05-23,Sul,"15,08","339,66","1.942,98","628,45","615,34","566,14"
Eolica,2017-05-23,Sudeste/Centro-Oeste,"0,00","0,00","0,00","0,00","0,00","0,00"
Eolica,2017-05-23,Sistema Interligado Nacional,"76,23","1.940,35","11.012,62","3.176,20","3.515,13","3.208,81"
Eolica,2017-05-24,Norte,"0,01","0,19","0,19","0,42","0,32","0,05"
Eolica,2017-05-24,Nordeste,"66,04","1.666,55","9.152,51","2.751,56","2.893,32","2.648,30"
Eolica,2017-05-24,Sul,"7,44","350,90","1.954,29","309,95","609,19","565,48"
Eolica,2017-05-24,Sudeste/Centro-Oeste,"0,00","0,00","0,00","0,00","0,00","0,00"
Eolica,2017-05-24,Sistema Interligado Nacional,"73,49","2.017,63","11.106,99","3.061,93","3.502,83","3.213,83"
Eolica,2017-05-25,Norte,"0,01","0,20","0,20","0,43","0,33","0,06"
Eolica,2017-05-25,Nordeste,"63,40","1.730,61","9.216,57","2.641,60","2.884,36","2.648,44"
Eolica,2017-05-25,Sul,"22,36","373,25","1.976,65","931,63","622,09","568,00"
Eolica,2017-05-25,Sudeste/Centro-Oeste,"0,00","0,00","0,00","0,00","0,00","0,00"
Eolica,2017-05-25,Sistema Interligado Nacional,"85,77","2.104,06","11.193,42","3.573,66","3.506,77","3.216,50"
Eolica,2017-05-26,Norte,"0,02","0,22","0,22","0,92","0,35","0,06"
Eolica,2017-05-26,Nordeste,"60,47","1.791,08","9.277,05","2.519,62","2.870,33","2.647,56"
Eolica,2017-05-26,Sul,"14,88","388,62","1.992,02","620,01","622,79","568,50"
Eolica,2017-05-26,Sudeste/Centro-Oeste,"0,00","0,00","0,00","0,00","0,00","0,00"
Eolica,2017-05-26,Sistema Interligado Nacional,"75,37","2.179,93","11.269,29","3.140,55","3.493,47","3.216,12"
Eolica,2017-05-27,Norte,"0,00","0,22","0,22","0,02","0,34","0,06"
Eolica,2017-05-27,Nordeste,"50,08","1.841,16","9.327,12","2.086,62","2.841,30","2.643,74"
Eolica,2017-05-27,Sul,"20,87","409,49","2.012,89","869,65","631,94","570,55"
Eolica,2017-05-27,Sudeste/Centro-Oeste,"0,00","0,00","0,00","0,00","0,00","0,00"
Eolica,2017-05-27,Sistema Interligado Nacional,"70,95","2.250,88","11.340,24","2.956,29","3.473,58","3.214,35"
Eolica,2017-05-28,Norte,"0,00","0,22","0,22","0,04","0,33","0,06"
Eolica,2017-05-28,Nordeste,"57,52","1.898,69","9.384,65","2.396,87","2.825,43","2.642,07"
Eolica,2017-05-28,Sul,"23,61","433,11","2.036,51","983,93","644,51","573,34"
Eolica,2017-05-28,Sudeste/Centro-Oeste,"0,00","0,00","0,00","0,00","0,00","0,00"
Eolica,2017-05-28,Sistema Interligado Nacional,"81,14","2.332,02","11.421,38","3.380,85","3.470,26","3.215,48"
Eolica,2017-05-29,Norte,"0,00","0,22","0,22","0,02","0,32","0,06"
Eolica,2017-05-29,Nordeste,"72,23","1.970,92","9.456,88","3.009,74","2.831,78","2.644,54"
Eolica,2017-05-29,Sul,"18,82","451,93","2.055,32","784,04","649,32","574,76"
Eolica,2017-05-29,Sudeste/Centro-Oeste,"0,00","0,00","0,00","0,00","0,00","0,00"
Eolica,2017-05-29,Sistema Interligado Nacional,"91,05","2.423,07","11.512,43","3.793,80","3.481,42","3.219,36"
Eolica,2017-05-30,Norte,"0,01","0,23","0,23","0,43","0,32","0,06"
Eolica,2017-05-30,Nordeste,"73,52","2.044,44","9.530,40","3.063,37","2.839,50","2.647,33"
Eolica,2017-05-30,Sul,"8,29","460,22","2.063,61","345,40","639,19","573,23"
Eolica,2017-05-30,Sudeste/Centro-Oeste,"0,00","0,00","0,00","0,00","0,00","0,00"
Eolica,2017-05-30,Sistema Interligado Nacional,"81,82","2.504,89","11.594,25","3.409,20","3.479,01","3.220,62"
Eolica,2017-05-31,Norte,"0,05","0,28","0,28","2,11","0,38","0,08"
Eolica,2017-05-31,Nordeste,"47,16","2.091,61","9.577,57","1.965,15","2.811,30","2.642,82"
Eolica,2017-05-31,Sul,"11,40","471,61","2.075,01","474,93","633,89","572,58"
Eolica,2017-05-31,Sudeste/Centro-Oeste,"0,00","0,00","0,00","0,00","0,00","0,00"
Eolica,2017-05-31,Sistema Interligado Nacional,"58,61","2.563,50","11.652,86","2.442,20","3.445,57","3.215,47"
Eolica,2017-06-01,Norte,"0,09","0,09","0,37","3,64","3,64","0,10"
Eolica,2017-06-01,Nordeste,"53,90","53,90","9.631,47","2.245,98","2.245,98","2.640,21"
Eolica,2017-06-01,Sul,"13,94","13,94","2.088,96","580,97","580,97","572,63"
Eolica,2017-06-01,Sudeste/Centro-Oeste,"0,00","0,00","0,00","0,00","0,00","0,00"
Eolica,2017-06-01,Sistema Interligado Nacional,"67,93","67,93","11.720,80","2.830,60","2.830,60","3.212,94"
Eolica,2017-06-02,Norte,"0,13","0,22","0,50","5,58","4,61","0,14"
Eolica,2017-06-02,Nordeste,"60,63","114,53","9.692,10","2.526,13","2.386,06","2.639,46"
Eolica,2017-06-02,Sul,"7,17","21,12","2.096,13","298,88","439,93","570,84"
Eolica,2017-06-02,Sudeste/Centro-Oeste,"0,00","0,00","0,00","0,00","0,00","0,00"
Eolica,2017-06-02,Sistema Interligado Nacional,"67,93","135,87","11.788,73","2.830,59","2.830,59","3.210,44"
Eolica,2017-06-03,Norte,"0,10","0,32","0,60","4,26","4,49","0,16"
Eolica,2017-06-03,Nordeste,"85,11","199,64","9.777,21","3.546,18","2.772,76","2.645,35"
Eolica,2017-06-03,Sul,"10,81","31,93","2.106,94","450,53","443,46","570,06"
Eolica,2017-06-03,Sudeste/Centro-Oeste,"0,00","0,00","0,00","0,00","0,00","0,00"
Eolica,2017-06-03,Sistema Interligado Nacional,"96,02","231,89","11.884,75","4.000,97","3.220,72","3.215,57"
Eolica,2017-06-04,Norte,"0,11","0,43","0,71","4,43","4,48","0,19"
Eolica,2017-06-04,Nordeste,"95,15","294,79","9.872,36","3.964,62","3.070,73","2.653,86"
Eolica,2017-06-04,Sul,"3,67","35,60","2.110,62","153,08","370,87","567,37"
Eolica,2017-06-04,Sudeste/Centro-Oeste,"0,00","0,00","0,00","0,00","0,00","0,00"
Eolica,2017-06-04,Sistema Interligado Nacional,"98,93","330,82","11.983,68","4.122,13","3.446,07","3.221,42"
Eolica,2017-06-05,Norte,"0,15","0,58","0,86","6,17","4,82","0,23"
Eolica,2017-06-05,Nordeste,"95,69","390,48","9.996,23","3.987,20","3.254,02","2.669,93"
Eolica,2017-06-05,Sul,"7,99","43,60","2.121,22","333,09","363,31","566,57"
Eolica,2017-06-05,Sudeste/Centro-Oeste,"0,00","0,00","0,00","0,00","0,00","0,00"
Eolica,2017-06-05,Sistema Interligado Nacional,"103,83","434,66","12.118,31","4.326,45","3.622,15","3.236,73"
Eolica,2017-06-06,Norte,"0,16","0,74","1,02","6,85","5,15","0,27"
Eolica,2017-06-06,Nordeste,"96,58","487,06","10.092,81","4.024,21","3.382,39","2.678,56"
Eolica,2017-06-06,Sul,"4,22","47,82","2.124,49","175,84","332,07","563,82"
Eolica,2017-06-06,Sudeste/Centro-Oeste,"0,00","0,00","0,00","0,00","0,00","0,00"
Eolica,2017-06-06,Sistema Interligado Nacional,"100,97","535,62","12.218,33","4.206,90","3.719,61","3.242,66"
Eolica,2017-06-07,Norte,"0,09","0,83","1,11","3,71","4,95","0,29"
Eolica,2017-06-07,Nordeste,"114,46","601,53","10.207,28","4.769,34","3.580,52","2.691,79"
Eolica,2017-06-07,Sul,"8,47","56,29","2.132,96","353,08","335,07","562,49"
Eolica,2017-06-07,Sudeste/Centro-Oeste,"0,00","0,00","0,00","0,00","0,00","0,00"
Eolica,2017-06-07,Sistema Interligado Nacional,"123,03","658,65","12.341,35","5.126,12","3.920,54","3.254,58"
Eolica,2017-06-08,Norte,"0,06","0,89","1,17","2,33","4,62","0,31"
Eolica,2017-06-08,Nordeste,"89,88","691,40","10.297,15","3.744,85","3.601,06","2.698,42"
Eolica,2017-06-08,Sul,"23,02","79,31","2.155,98","959,04","413,06","564,98"
Eolica,2017-06-08,Sudeste/Centro-Oeste,"0,00","0,00","0,00","0,00","0,00","0,00"
Eolica,2017-06-08,Sistema Interligado Nacional,"112,95","771,60","12.454,30","4.706,22","4.018,75","3.263,71"
Eolica,2017-06-09,Norte,"0,03","0,92","1,20","1,22","4,24","0,31"
Eolica,2017-06-09,Nordeste,"85,55","776,95","10.405,97","3.564,49","3.597,00","2.709,89"
Eolica,2017-06-09,Sul,"26,27","105,58","2.183,66","1.094,59","488,79","568,66"
Eolica,2017-06-09,Sudeste/Centro-Oeste,"0,00","0,00","0,00","0,00","0,00","0,00"
Eolica,2017-06-09,Sistema Interligado Nacional,"111,85","883,45","12.590,83","4.660,30","4.090,03","3.278,86"
Eolica,2017-06-10,Norte,"0,15","1,07","1,35","6,39","4,46","0,35"
Eolica,2017-06-10,Nordeste,"72,88","849,83","10.478,85","3.036,74","3.540,97","2.711,92"
Eolica,2017-06-10,Sul,"33,08","138,66","2.216,74","1.378,22","577,73","573,69"
Eolica,2017-06-10,Sudeste/Centro-Oeste,"0,00","0,00","0,00","0,00","0,00","0,00"
Eolica,2017-06-10,Sistema Interligado Nacional,"106,11","989,56","12.696,94","4.421,36","4.123,16","3.285,96"
Eolica,2017-06-11,Norte,"0,15","1,22","1,50","6,37","4,63","0,39"
Eolica,2017-06-11,Nordeste,"91,32","941,15","10.570,17","3.805,02","3.564,98","2.718,67"
Eolica,2017-06-11,Sul,"15,29","153,94","2.232,02","636,89","583,11","574,08"
Eolica,2017-06-11,Sudeste/Centro-Oeste,"0,00","0,00","0,00","0,00","0,00","0,00"
Eolica,2017-06-11,Sistema Interligado Nacional,"106,76","1.096,32","12.803,70","4.448,28","4.152,72","3.293,13"
Eolica,2017-06-12,Norte,"0,16","1,38","1,66","6,60","4,80","0,42"
Eolica,2017-06-12,Nordeste,"97,43","1.038,58","10.667,60","4.059,41","3.606,18","2.726,89"
Eolica,2017-06-12,Sul,"4,81","158,75","2.236,84","200,57","551,23","571,79"
Eolica,2017-06-12,Sudeste/Centro-Oeste,"0,00","0,00","0,00","0,00","0,00","0,00"
Eolica,2017-06-12,Sistema Interligado Nacional,"102,40","1.198,72","12.906,10","4.266,58","4.162,21","3.299,10"
Eolica,2017-06-13,Norte,"0,19","1,58","1,86","8,09","5,05","0,47"
Eolica,2017-06-13,Nordeste,"106,45","1.145,03","10.774,05","4.435,50","3.669,97","2.737,31"
Eolica,2017-06-13,Sul,"3,53","162,28","2.240,37","147,02","520,14","569,20"
Eolica,2017-06-13,Sudeste/Centro-Oeste,"0,00","0,00","0,00","0,00","0,00","0,00"
Eolica,2017-06-13,Sistema Interligado Nacional,"110,17","1.308,89","13.016,27","4.590,60","4.195,16","3.306,98"
Eolica,2017-06-14,Norte,"0,09","1,67","1,95","3,78","4,96","0,49"
Eolica,2017-06-14,Nordeste,"96,18","1.241,21","10.870,23","4.007,61","3.694,09","2.745,01"
Eolica,2017-06-14,Sul,"7,84","170,12","2.248,20","326,49","506,31","567,73"
Eolica,2017-06-14,Sudeste/Centro-Oeste,"0,00","0,00","0,00","0,00","0,00","0,00"
Eolica,2017-06-14,Sistema Interligado Nacional,"104,11","1.413,00","13.120,38","4.337,88","4.205,36","3.313,23"
Eolica,2017-06-15,Norte,"0,17","1,84","2,12","7,14","5,10","0,53"
Eolica,2017-06-15,Nordeste,"84,66","1.325,87","10.954,89","3.527,49","3.682,98","2.749,72"
Eolica,2017-06-15,Sul,"24,96","195,08","2.273,16","1.039,95","541,88","570,57"
Eolica,2017-06-15,Sudeste/Centro-Oeste,"0,00","0,00","0,00","0,00","0,00","0,00"
Eolica,2017-06-15,Sistema Interligado Nacional,"109,79","1.522,79","13.230,17","4.574,58","4.229,97","3.320,83"
Eolica,2017-06-16,Norte,"0,14","1,98","2,26","6,02","5,16","0,56"
Eolica,2017-06-16,Nordeste,"80,52","1.406,39","11.035,41","3.354,88","3.662,48","2.753,35"
Eolica,2017-06-16,Sul,"19,31","214,38","2.292,47","804,44","558,29","571,97"
Eolica,2017-06-16,Sudeste/Centro-Oeste,"0,00","0,00","0,00","0,00","0,00","0,00"
Eolica,2017-06-16,Sistema Interligado Nacional,"99,97","1.622,76","13.330,14","4.165,34","4.225,93","3.325,88"
Eolica,2017-06-17,Norte,"0,12","2,10","2,38","5,09","5,16","0,59"
Eolica,2017-06-17,Nordeste,"100,27","1.506,66","11.135,68","4.177,88","3.692,80","2.761,82"
Eolica,2017-06-17,Sul,"22,83","237,22","2.315,30","951,39","581,42","574,23"
Eolica,2017-06-17,Sudeste/Centro-Oeste,"0,00","0,00","0,00","0,00","0,00","0,00"
Eolica,2017-06-17,Sistema Interligado Nacional,"123,22","1.745,98","13.453,36","5.134,37","4.279,37","3.336,65"
Eolica,2017-06-18,Norte,"0,13","2,23","2,52","5,44","5,17","0,62"
Eolica,2017-06-18,Nordeste,"86,39","1.593,05","11.222,07","3.599,71","3.687,62","2.766,78"
Eolica,2017-06-18,Sul,"27,57","264,79","2.342,87","1.148,76","612,93","577,63"
Eolica,2017-06-18,Sudeste/Centro-Oeste,"0,00","0,00","0,00","0,00","0,00","0,00"
Eolica,2017-06-18,Sistema Interligado Nacional,"114,09","1.860,08","13.567,46","4.753,91","4.305,73","3.345,03"
Eolica,2017-06-19,Norte,"0,16","2,40","2,68","6,83","5,26","0,66"
Eolica,2017-06-19,Nordeste,"83,25","1.676,31","11.305,32","3.468,90","3.676,11","2.770,91"
Eolica,2017-06-19,Sul,"25,15","289,94","2.368,02","1.047,93","635,83","580,40"
Eolica,2017-06-19,Sudeste/Centro-Oeste,"0,00","0,00","0,00","0,00","0,00","0,00"
Eolica,2017-06-19,Sistema Interligado Nacional,"108,57","1.968,64","13.676,02","4.523,66","4.317,20","3.351,97"
Eolica,2017-06-20,Norte,"0,21","2,61","2,89","8,89","5,44","0,70"
Eolica,2017-06-20,Nordeste,"91,57","1.767,88","11.396,89","3.815,43","3.683,08","2.777,02"
Eolica,2017-06-20,Sul,"5,62","295,56","2.373,64","234,22","615,75","578,37"
Eolica,2017-06-20,Sudeste/Centro-Oeste,"0,00","0,00","0,00","0,00","0,00","0,00"
Eolica,2017-06-20,Sistema Interligado Nacional,"97,40","2.066,05","13.773,43","4.058,54","4.304,27","3.356,10"
Eolica,2017-06-21,Norte,"0,23","2,84","3,12","9,49","5,63","0,76"
Eolica,2017-06-21,Nordeste,"112,59","1.880,47","11.509,34","4.691,34","3.731,09","2.788,11"
Eolica,2017-06-21,Sul,"19,06","314,62","2.392,70","794,16","624,24","579,63"
Eolica,2017-06-21,Sudeste/Centro-Oeste,"0,00","0,00","0,00","0,00","0,00","0,00"
Eolica,2017-06-21,Sistema Interligado Nacional,"131,88","2.197,93","13.905,16","5.494,98","4.360,97","3.368,50"
Eolica,2017-06-22,Norte,"0,10","2,94","3,22","4,08","5,56","0,78"
Eolica,2017-06-22,Nordeste,"111,60","1.992,07","11.620,94","4.650,07","3.772,86","2.798,88"
Eolica,2017-06-22,Sul,"19,34","333,17","2.411,25","805,85","631,00","580,74"
Eolica,2017-06-22,Sudeste/Centro-Oeste,"0,00","0,00","0,00","0,00","0,00","0,00"
Eolica,2017-06-22,Sistema Interligado Nacional,"131,04","2.328,18","14.035,40","5.460,00","4.409,42","3.380,40"
Eolica,2017-06-23,Norte,"0,06","3,00","3,28","2,53","5,43","0,79"
Eolica,2017-06-23,Nordeste,"102,25","2.094,32","11.723,19","4.260,36","3.794,06","2.807,28"
Eolica,2017-06-23,Sul,"20,30","353,46","2.431,55","845,70","640,33","582,27"
Eolica,2017-06-23,Sudeste/Centro-Oeste,"0,00","0,00","0,00","0,00","0,00","0,00"
Eolica,2017-06-23,Sistema Interligado Nacional,"122,61","2.450,78","14.158,01","5.108,59","4.439,82","3.390,33"
Eolica,2017-06-24,Norte,"0,00","3,00","3,28","0,01","5,21","0,78"
Eolica,2017-06-24,Nordeste,"87,35","2.181,67","11.810,54","3.639,72","3.787,63","2.812,03"
Eolica,2017-06-24,Sul,"12,07","365,54","2.443,62","503,08","634,61","581,81"
Eolica,2017-06-24,Sudeste/Centro-Oeste,"0,00","0,00","0,00","0,00","0,00","0,00"
Eolica,2017-06-24,Sistema Interligado Nacional,"99,43","2.550,21","14.257,44","4.142,80","4.427,45","3.394,63"
Eolica,2017-06-25,Norte,"0,00","3,00","3,28","0,00","5,00","0,78"
Eolica,2017-06-25,Nordeste,"116,38","2.298,05","11.926,92","4.849,19","3.830,09","2.823,61"
Eolica,2017-06-25,Sul,"10,64","376,18","2.454,26","443,36","626,96","581,03"
Eolica,2017-06-25,Sudeste/Centro-Oeste,"0,00","0,00","0,00","0,00","0,00","0,00"
Eolica,2017-06-25,Sistema Interligado Nacional,"127,02","2.677,23","14.384,46","5.292,55","4.462,05","3.405,41"
Eolica,2017-06-26,Norte,"0,07","3,06","3,35","2,76","4,91","0,79"
Eolica,2017-06-26,Nordeste,"113,41","2.411,46","12.040,33","4.725,26","3.864,52","2.834,35"
Eolica,2017-06-26,Sul,"16,59","392,77","2.470,85","691,37","629,44","581,65"
Eolica,2017-06-26,Sudeste/Centro-Oeste,"0,00","0,00","0,00","0,00","0,00","0,00"
Eolica,2017-06-26,Sistema Interligado Nacional,"130,07","2.807,30","14.514,52","5.419,40","4.498,87","3.416,79"
Eolica,2017-06-27,Norte,"0,32","3,38","3,67","13,32","5,22","0,86"
Eolica,2017-06-27,Nordeste,"112,89","2.524,35","12.153,21","4.703,66","3.895,60","2.844,85"
Eolica,2017-06-27,Sul,"19,19","411,96","2.490,04","799,53","635,74","582,88"
Eolica,2017-06-27,Sudeste/Centro-Oeste,"0,00","0,00","0,00","0,00","0,00","0,00"
Eolica,2017-06-27,Sistema Interligado Nacional,"132,40","2.939,69","14.646,92","5.516,50","4.536,56","3.428,59"
Eolica,2017-06-28,Norte,"0,36","3,75","4,03","15,19","5,58","0,94"
Eolica,2017-06-28,Nordeste,"101,96","2.626,31","12.255,17","4.248,31","3.908,20","2.852,69"
Eolica,2017-06-28,Sul,"7,04","419,00","2.497,08","293,42","623,51","581,26"
Eolica,2017-06-28,Sudeste/Centro-Oeste,"0,00","0,00","0,00","0,00","0,00","0,00"
Eolica,2017-06-28,Sistema Interligado Nacional,"109,37","3.049,06","14.756,29","4.556,92","4.537,29","3.434,89"
Eolica,2017-06-29,Norte,"0,22","3,97","4,25","9,31","5,71","0,98"
Eolica,2017-06-29,Nordeste,"77,99","2.704,29","12.333,16","3.249,46","3.885,48","2.854,90"
Eolica,2017-06-29,Sul,"2,04","421,04","2.499,13","85,07","604,95","578,50"
Eolica,2017-06-29,Sudeste/Centro-Oeste,"0,00","0,00","0,00","0,00","0,00","0,00"
Eolica,2017-06-29,Sistema Interligado Nacional,"80,25","3.129,31","14.836,54","3.343,84","4.496,14","3.434,38"
Eolica,2017-06-30,Norte,"0,44","4,41","4,69","18,25","6,13","1,08"
Eolica,2017-06-30,Nordeste,"52,07","2.756,36","12.385,23","2.169,59","3.828,28","2.851,11"
Eolica,2017-06-30,Sul,"10,45","432,14","2.510,22","435,22","600,19","577,86"
Eolica,2017-06-30,Sudeste/Centro-Oeste,"0,00","0,00","0,00","0,00","0,00","0,00"
Eolica,2017-06-30,Sistema Interligado Nacional,"62,95","3.192,91","14.900,14","2.623,06","4.434,60","3.430,05"
Eolica,2017-07-01,Norte,"0,35","0,35","5,04","14,55","14,55","1,15"
Eolica,2017-07-01,Nordeste,"61,45","61,45","12.446,68","2.560,23","2.560,23","2.849,51"
Eolica,2017-07-01,Sul,"10,53","10,53","2.520,75","438,86","438,86","577,10"
Eolica,2017-07-01,Sudeste/Centro-Oeste,"0,00","0,00","0,00","0,00","0,00","0,00"
Eolica,2017-07-01,Sistema Interligado Nacional,"72,33","72,33","14.972,47","3.013,64","3.013,64","3.427,76"
Eolica,2017-07-02,Norte,"0,12","0,47","5,16","5,10","9,83","1,18"
Eolica,2017-07-02,Nordeste,"95,22","156,67","12.541,90","3.967,59","3.263,91","2.855,62"
Eolica,2017-07-02,Sul,"6,33","16,86","2.527,08","263,66","351,26","575,38"
Eolica,2017-07-02,Sudeste/Centro-Oeste,"0,00","0,00","0,00","0,00","0,00","0,00"
Eolica,2017-07-02,Sistema Interligado Nacional,"101,67","174,00","15.074,14","4.236,35","3.625,00","3.432,18"
Eolica,2017-07-03,Norte,"0,12","0,59","5,28","4,80","8,15","1,20"
Eolica,2017-07-03,Nordeste,"123,54","280,20","12.665,19","5.147,33","3.891,72","2.868,02"
Eolica,2017-07-03,Sul,"27,07","43,93","2.553,92","1.128,10","610,21","578,33"
Eolica,2017-07-03,Sudeste/Centro-Oeste,"0,00","0,00","0,00","0,00","0,00","0,00"
Eolica,2017-07-03,Sistema Interligado Nacional,"150,73","324,73","15.224,39","6.280,23","4.510,07","3.447,55"
Eolica,2017-07-04,Norte,"0,14","0,73","5,42","5,89","7,59","1,22"
Eolica,2017-07-04,Nordeste,"126,57","406,77","12.791,59","5.273,71","4.237,21","2.880,99"
Eolica,2017-07-04,Sul,"34,17","78,11","2.595,42","1.423,89","813,63","584,56"
Eolica,2017-07-04,Sudeste/Centro-Oeste,"0,00","0,00","0,00","0,00","0,00","0,00"
Eolica,2017-07-04,Sistema Interligado Nacional,"160,88","485,61","15.392,44","6.703,50","5.058,43","3.466,77"
Eolica,2017-07-05,Norte,"0,08","0,81","5,50","3,27","6,72","1,23"
Eolica,2017-07-05,Nordeste,"117,33","524,10","12.908,92","4.888,64","4.367,50","2.891,78"
Eolica,2017-07-05,Sul,"26,19","104,30","2.621,62","1.091,31","869,17","587,28"
Eolica,2017-07-05,Sudeste/Centro-Oeste,"0,00","0,00","0,00","0,00","0,00","0,00"
Eolica,2017-07-05,Sistema Interligado Nacional,"143,60","629,21","15.536,04","5.983,22","5.243,39","3.480,29"
Eolica,2017-07-06,Norte,"0,03","0,84","5,53","1,46","5,84","1,23"
Eolica,2017-07-06,Nordeste,"90,02","614,12","12.998,94","3.750,87","4.264,73","2.896,38"
Eolica,2017-07-06,Sul,"8,78","113,08","2.630,39","365,64","785,24","586,09"
Eolica,2017-07-06,Sudeste/Centro-Oeste,"0,00","0,00","0,00","0,00","0,00","0,00"
Eolica,2017-07-06,Sistema Interligado Nacional,"98,83","728,04","15.634,87","4.117,97","5.055,82","3.483,70"
Eolica,2017-07-07,Norte,"0,04","0,88","5,58","1,80","5,27","1,24"
Eolica,2017-07-07,Nordeste,"93,99","708,11","13.097,58","3.916,10","4.214,92","2.902,83"
Eolica,2017-07-07,Sul,"9,01","122,08","2.640,72","375,23","726,67","585,27"
Eolica,2017-07-07,Sudeste/Centro-Oeste,"0,00","0,00","0,00","0,00","0,00","0,00"
Eolica,2017-07-07,Sistema Interligado Nacional,"103,03","831,07","15.743,87","4.293,12","4.946,86","3.489,33"
Eolica,2017-07-08,Norte,"0,00","0,88","5,58","0,01","4,61","1,23"
Eolica,2017-07-08,Nordeste,"105,23","813,34","13.202,81","4.384,64","4.236,14","2.910,67"
Eolica,2017-07-08,Sul,"13,78","135,86","2.654,49","574,09","707,60","585,21"
Eolica,2017-07-08,Sudeste/Centro-Oeste,"0,00","0,00","0,00","0,00","0,00","0,00"
Eolica,2017-07-08,Sistema Interligado Nacional,"119,01","950,08","15.862,88","4.958,74","4.948,35","3.497,11"
Eolica,2017-07-09,Norte,"0,00","0,88","5,58","0,00","4,10","1,22"
Eolica,2017-07-09,Nordeste,"113,50","926,84","13.316,31","4.729,21","4.290,92","2.920,24"
Eolica,2017-07-09,Sul,"3,37","139,23","2.657,87","140,55","644,59","582,87"
Eolica,2017-07-09,Sudeste/Centro-Oeste,"0,00","0,00","0,00","0,00","0,00","0,00"
Eolica,2017-07-09,Sistema Interligado Nacional,"116,87","1.066,96","15.979,76","4.869,76","4.939,61","3.504,33"
Eolica,2017-07-10,Norte,"0,05","0,94","5,63","2,24","3,91","1,23"
Eolica,2017-07-10,Nordeste,"105,12","1.031,96","13.421,43","4.379,91","4.299,82","2.927,89"
Eolica,2017-07-10,Sul,"6,18","145,41","2.664,05","257,50","605,88","581,16"
Eolica,2017-07-10,Sudeste/Centro-Oeste,"0,00","0,00","0,00","0,00","0,00","0,00"
Eolica,2017-07-10,Sistema Interligado Nacional,"111,35","1.178,31","16.091,11","4.639,64","4.909,62","3.510,28"
Eolica,2017-07-11,Norte,"0,30","1,24","5,93","12,57","4,70","1,29"
Eolica,2017-07-11,Nordeste,"116,76","1.148,72","13.538,19","4.864,92","4.351,20","2.937,97"
Eolica,2017-07-11,Sul,"12,45","157,86","2.676,50","518,76","597,96","580,84"
Eolica,2017-07-11,Sudeste/Centro-Oeste,"0,00","0,00","0,00","0,00","0,00","0,00"
Eolica,2017-07-11,Sistema Interligado Nacional,"129,51","1.307,82","16.220,62","5.396,24","4.953,86","3.520,10"
Eolica,2017-07-12,Norte,"0,14","1,38","6,07","5,76","4,79","1,31"
Eolica,2017-07-12,Nordeste,"122,81","1.271,53","13.661,00","5.117,23","4.415,03","2.949,27"
Eolica,2017-07-12,Sul,"24,50","182,36","2.701,00","1.020,87","633,20","583,12"
Eolica,2017-07-12,Sudeste/Centro-Oeste,"0,00","0,00","0,00","0,00","0,00","0,00"
Eolica,2017-07-12,Sistema Interligado Nacional,"147,45","1.455,27","16.368,07","6.143,85","5.053,02","3.533,69"
Eolica,2017-07-13,Norte,"0,17","1,55","6,24","7,28","4,98","1,34"
Eolica,2017-07-13,Nordeste,"128,13","1.399,66","13.789,13","5.338,83","4.486,09","2.961,58"
Eolica,2017-07-13,Sul,"22,16","204,52","2.723,16","923,32","655,52","584,87"
Eolica,2017-07-13,Sudeste/Centro-Oeste,"0,00","0,00","0,00","0,00","0,00","0,00"
Eolica,2017-07-13,Sistema Interligado Nacional,"150,47","1.605,74","16.518,53","6.269,43","5.146,59","3.547,80"
Eolica,2017-07-14,Norte,"0,00","1,55","6,24","0,00","4,62","1,33"
Eolica,2017-07-14,Nordeste,"119,27","1.518,93","13.908,40","4.969,54","4.520,62","2.971,88"
Eolica,2017-07-14,Sul,"15,47","219,99","2.738,63","644,61","654,74","585,18"
Eolica,2017-07-14,Sudeste/Centro-Oeste,"0,00","0,00","0,00","0,00","0,00","0,00"
Eolica,2017-07-14,Sistema Interligado Nacional,"134,74","1.740,48","16.653,27","5.614,15","5.179,99","3.558,39"
Eolica,2017-07-15,Norte,"0,00","1,55","6,24","0,00","4,31","1,33"
Eolica,2017-07-15,Nordeste,"125,83","1.644,76","14.034,23","5.243,04","4.568,79","2.983,47"
Eolica,2017-07-15,Sul,"25,23","245,23","2.763,86","1.051,34","681,18","587,56"
Eolica,2017-07-15,Sudeste/Centro-Oeste,"0,00","0,00","0,00","0,00","0,00","0,00"
Eolica,2017-07-15,Sistema Interligado Nacional,"151,07","1.891,54","16.804,34","6.294,39","5.254,28","3.572,35"
Eolica,2017-07-16,Norte,"0,00","1,55","6,24","0,00","4,05","1,32"
Eolica,2017-07-16,Nordeste,"125,06","1.769,82","14.159,29","5.210,76","4.608,91","2.994,77"
Eolica,2017-07-16,Sul,"24,66","269,89","2.788,52","1.027,57","702,83","589,79"
Eolica,2017-07-16,Sudeste/Centro-Oeste,"0,00","0,00","0,00","0,00","0,00","0,00"
Eolica,2017-07-16,Sistema Interligado Nacional,"149,72","2.041,26","16.954,06","6.238,32","5.315,78","3.585,88"
Eolica,2017-07-17,Norte,"0,00","1,55","6,24","0,01","3,81","1,31"
Eolica,2017-07-17,Nordeste,"117,14","1.886,96","14.276,43","4.880,88","4.624,91","3.004,30"
Eolica,2017-07-17,Sul,"31,30","301,19","2.819,82","1.304,18","738,20","593,40"
Eolica,2017-07-17,Sudeste/Centro-Oeste,"0,00","0,00","0,00","0,00","0,00","0,00"
Eolica,2017-07-17,Sistema Interligado Nacional,"148,44","2.189,70","17.102,50","6.185,06","5.366,92","3.599,01"
Eolica,2017-07-18,Norte,"0,16","1,71","6,40","6,60","3,96","1,34"
Eolica,2017-07-18,Nordeste,"83,05","1.970,01","14.359,48","3.460,27","4.560,20","3.006,59"
Eolica,2017-07-18,Sul,"21,77","325,10","2.843,81","907,29","752,54","595,44"
Eolica,2017-07-18,Sudeste/Centro-Oeste,"0,00","0,00","0,00","0,00","0,00","0,00"
Eolica,2017-07-18,Sistema Interligado Nacional,"104,98","2.296,82","17.209,70","4.374,15","5.316,71","3.603,37"
Eolica,2017-07-19,Norte,"0,57","2,29","6,98","23,93","5,01","1,45"
Eolica,2017-07-19,Nordeste,"87,33","2.057,33","14.446,80","3.638,54","4.511,70","3.009,75"
Eolica,2017-07-19,Sul,"12,86","337,96","2.856,68","535,91","741,14","595,14"
Eolica,2017-07-19,Sudeste/Centro-Oeste,"0,00","0,00","0,00","0,00","0,00","0,00"
Eolica,2017-07-19,Sistema Interligado Nacional,"100,76","2.397,58","17.310,46","4.198,39","5.257,85","3.606,35"
Eolica,2017-07-20,Norte,"1,26","3,55","8,24","52,64","7,39","1,71"
Eolica,2017-07-20,Nordeste,"75,02","2.132,36","14.521,83","3.126,03","4.442,41","3.010,33"
Eolica,2017-07-20,Sul,"13,28","351,25","2.869,96","553,52","731,76","594,93"
Eolica,2017-07-20,Sudeste/Centro-Oeste,"0,00","0,00","0,00","0,00","0,00","0,00"
Eolica,2017-07-20,Sistema Interligado Nacional,"89,57","2.487,15","17.400,03","3.732,19","5.181,57","3.606,97"
Eolica,2017-07-21,Norte,"1,11","4,66","9,35","46,32","9,25","1,93"
Eolica,2017-07-21,Nordeste,"75,05","2.207,41","14.596,88","3.127,10","4.379,78","3.010,91"
Eolica,2017-07-21,Sul,"10,18","361,43","2.880,14","424,24","717,12","594,09"
Eolica,2017-07-21,Sudeste/Centro-Oeste,"0,00","0,00","0,00","0,00","0,00","0,00"
Eolica,2017-07-21,Sistema Interligado Nacional,"86,34","2.573,50","17.486,37","3.597,66","5.106,14","3.606,93"
Eolica,2017-07-22,Norte,"1,12","5,78","10,47","46,55","10,94","2,15"
Eolica,2017-07-22,Nordeste,"92,78","2.300,19","14.689,66","3.865,68","4.356,41","3.015,12"
Eolica,2017-07-22,Sul,"12,55","373,98","2.892,69","522,86","708,29","593,74"
Eolica,2017-07-22,Sudeste/Centro-Oeste,"0,00","0,00","0,00","0,00","0,00","0,00"
Eolica,2017-07-22,Sistema Interligado Nacional,"106,44","2.679,94","17.592,82","4.435,10","5.075,64","3.611,01"
Eolica,2017-07-23,Norte,"1,05","6,83","11,52","43,93","12,38","2,35"
Eolica,2017-07-23,Nordeste,"102,67","2.402,85","14.792,33","4.277,87","4.353,00","3.021,31"
Eolica,2017-07-23,Sul,"18,50","392,48","2.911,20","771,01","711,01","594,61"
Eolica,2017-07-23,Sudeste/Centro-Oeste,"0,00","0,00","0,00","0,00","0,00","0,00"
Eolica,2017-07-23,Sistema Interligado Nacional,"122,23","2.802,17","17.715,04","5.092,82","5.076,39","3.618,27"
Eolica,2017-07-24,Norte,"1,30","8,13","12,82","54,14","14,12","2,61"
Eolica,2017-07-24,Nordeste,"126,25","2.529,10","14.918,57","5.260,23","4.390,80","3.032,23"
Eolica,2017-07-24,Sul,"14,25","406,73","2.925,45","593,88","706,13","594,60"
Eolica,2017-07-24,Sudeste/Centro-Oeste,"0,00","0,00","0,00","0,00","0,00","0,00"
Eolica,2017-07-24,Sistema Interligado Nacional,"141,80","2.943,96","17.856,84","5.908,25","5.111,05","3.629,44"
Eolica,2017-07-25,Norte,"0,66","8,79","13,48","27,43","14,65","2,73"
Eolica,2017-07-25,Nordeste,"125,41","2.654,51","15.043,98","5.225,36","4.424,18","3.042,88"
Eolica,2017-07-25,Sul,"15,47","422,21","2.940,92","644,77","703,68","594,85"
Eolica,2017-07-25,Sudeste/Centro-Oeste,"0,00","0,00","0,00","0,00","0,00","0,00"
Eolica,2017-07-25,Sistema Interligado Nacional,"141,54","3.085,51","17.998,38","5.897,56","5.142,51","3.640,45"
Eolica,2017-07-26,Norte,"0,35","9,14","13,83","14,49","14,64","2,78"
Eolica,2017-07-26,Nordeste,"113,75","2.768,26","14.541,32","4.739,63","4.436,31","2.927,00"
Eolica,2017-07-26,Sul,"14,94","437,14","2.703,44","622,40","700,55","544,17"
Eolica,2017-07-26,Sudeste/Centro-Oeste,"0,00","0,00","0,00","0,00","0,00","0,00"
Eolica,2017-07-26,Sistema Interligado Nacional,"129,04","3.214,54","17.258,59","5.376,52","5.151,51","3.473,95"
Eolica,2017-07-27,Norte,"0,30","9,44","14,13","12,67","14,57","2,83"
Eolica,2017-07-27,Nordeste,"101,85","2.870,11","14.643,17","4.243,84","4.429,18","2.933,33"
Eolica,2017-07-27,Sul,"8,08","445,22","2.711,52","336,62","687,07","543,17"
Eolica,2017-07-27,Sudeste/Centro-Oeste,"0,00","0,00","0,00","0,00","0,00","0,00"
Eolica,2017-07-27,Sistema Interligado Nacional,"110,24","3.324,78","17.368,83","4.593,14","5.130,83","3.479,33"
Eolica,2017-07-28,Norte,"0,89","10,33","15,02","36,98","15,37","2,99"
Eolica,2017-07-28,Nordeste,"110,86","2.980,97","14.754,03","4.619,09","4.435,97","2.941,39"
Eolica,2017-07-28,Sul,"19,81","465,03","2.731,33","825,21","692,01","544,52"
Eolica,2017-07-28,Sudeste/Centro-Oeste,"0,00","0,00","0,00","0,00","0,00","0,00"
Eolica,2017-07-28,Sistema Interligado Nacional,"131,55","3.456,33","17.500,38","5.481,28","5.143,35","3.488,91"
Eolica,2017-07-29,Norte,"1,16","11,48","16,18","48,14","16,50","3,21"
Eolica,2017-07-29,Nordeste,"137,91","3.118,88","14.891,94","5.746,11","4.481,14","2.954,75"
Eolica,2017-07-29,Sul,"17,59","482,62","2.748,92","733,00","693,42","545,42"
Eolica,2017-07-29,Sudeste/Centro-Oeste,"0,00","0,00","0,00","0,00","0,00","0,00"
Eolica,2017-07-29,Sistema Interligado Nacional,"156,65","3.612,98","17.657,03","6.527,25","5.191,07","3.503,38"
Eolica,2017-07-30,Norte,"0,58","12,06","16,75","24,07","16,75","3,31"
Eolica,2017-07-30,Nordeste,"127,23","3.246,11","15.019,17","5.301,36","4.508,48","2.965,87"
Eolica,2017-07-30,Sul,"12,26","494,88","2.761,18","510,88","687,34","545,26"
Eolica,2017-07-30,Sudeste/Centro-Oeste,"0,00","0,00","0,00","0,00","0,00","0,00"
Eolica,2017-07-30,Sistema Interligado Nacional,"140,07","3.753,05","17.797,10","5.836,31","5.212,58","3.514,44"
Eolica,2017-07-31,Norte,"0,54","12,60","17,30","22,54","16,94","3,40"
Eolica,2017-07-31,Nordeste,"107,61","3.353,72","15.126,78","4.483,84","4.507,69","2.973,03"
Eolica,2017-07-31,Sul,"4,14","499,02","2.765,32","172,45","670,73","543,50"
Eolica,2017-07-31,Sudeste/Centro-Oeste,"0,00","0,00","0,00","0,00","0,00","0,00"
Eolica,2017-07-31,Sistema Interligado Nacional,"112,29","3.865,35","17.909,40","4.678,84","5.195,36","3.519,93"
Eolica,2017-08-01,Norte,"1,34","1,34","18,63","55,79","55,79","3,65"
Eolica,2017-08-01,Nordeste,"102,92","102,92","15.229,70","4.288,19","4.288,19","2.979,21"
Eolica,2017-08-01,Sul,"5,19","5,19","2.770,51","216,22","216,22","541,96"
Eolica,2017-08-01,Sudeste/Centro-Oeste,"0,00","0,00","0,00","0,00","0,00","0,00"
Eolica,2017-08-01,Sistema Interligado Nacional,"109,44","109,44","18.018,84","4.560,20","4.560,20","3.524,81"
Eolica,2017-08-02,Norte,"2,44","3,78","21,08","101,73","78,76","4,10"
Eolica,2017-08-02,Nordeste,"105,02","207,93","15.333,94","4.375,63","4.331,91","2.985,58"
Eolica,2017-08-02,Sul,"16,82","22,00","2.787,32","700,63","458,42","542,70"
Eolica,2017-08-02,Sudeste/Centro-Oeste,"0,00","0,00","0,00","0,00","0,00","0,00"
Eolica,2017-08-02,Sistema Interligado Nacional,"124,27","233,72","18.142,34","5.177,99","4.869,09","3.532,39"
Eolica,2017-08-03,Norte,"2,20","5,98","23,27","91,63","83,05","4,51"
Eolica,2017-08-03,Nordeste,"94,08","302,01","15.427,92","3.919,95","4.194,59","2.989,91"
Eolica,2017-08-03,Sul,"17,10","39,10","2.804,42","712,46","543,10","543,49"
Eolica,2017-08-03,Sudeste/Centro-Oeste,"0,00","0,00","0,00","0,00","0,00","0,00"
Eolica,2017-08-03,Sistema Interligado Nacional,"113,38","347,09","18.255,61","4.724,04","4.820,74","3.537,91"
Eolica,2017-08-04,Norte,"2,05","8,03","25,39","85,54","83,67","4,90"
Eolica,2017-08-04,Nordeste,"77,53","379,54","15.490,71","3.230,27","3.953,51","2.988,18"
Eolica,2017-08-04,Sul,"3,41","42,52","2.799,74","142,25","442,89","540,07"
Eolica,2017-08-04,Sudeste/Centro-Oeste,"0,00","0,00","0,00","0,00","0,00","0,00"
Eolica,2017-08-04,Sistema Interligado Nacional,"82,99","430,09","18.315,85","3.458,07","4.480,07","3.533,15"
Eolica,2017-08-05,Norte,"2,22","10,25","27,61","92,49","85,44","5,30"
Eolica,2017-08-05,Nordeste,"99,53","479,06","15.590,24","4.146,95","3.992,20","2.993,52"
Eolica,2017-08-05,Sul,"16,63","59,15","2.816,38","693,03","492,92","540,78"
Eolica,2017-08-05,Sudeste/Centro-Oeste,"0,00","0,00","0,00","0,00","0,00","0,00"
Eolica,2017-08-05,Sistema Interligado Nacional,"118,38","548,47","18.434,22","4.932,47","4.570,55","3.539,60"
Eolica,2017-08-06,Norte,"2,51","12,76","30,13","104,41","88,60","5,76"
Eolica,2017-08-06,Nordeste,"125,77","604,83","15.717,16","5.240,25","4.200,21","3.004,04"
Eolica,2017-08-06,Sul,"17,80","76,95","2.834,40","741,48","534,34","541,74"
Eolica,2017-08-06,Sudeste/Centro-Oeste,"0,00","0,00","0,00","0,00","0,00","0,00"
Eolica,2017-08-06,Sistema Interligado Nacional,"146,07","694,53","18.581,69","6.086,14","4.823,15","3.551,55"
Eolica,2017-08-07,Norte,"2,83","15,59","34,19","117,98","92,80","6,51"
Eolica,2017-08-07,Nordeste,"132,65","737,48","15.915,85","5.527,12","4.389,77","3.028,13"
Eolica,2017-08-07,Sul,"8,32","85,26","2.864,18","346,53","507,51","544,93"
Eolica,2017-08-07,Sudeste/Centro-Oeste,"0,00","0,00","0,00","0,00","0,00","0,00"
Eolica,2017-08-07,Sistema Interligado Nacional,"143,80","838,33","18.814,22","5.991,63","4.990,08","3.579,57"
Eolica,2017-08-08,Norte,"3,02","18,61","37,22","125,95","96,94","7,05"
Eolica,2017-08-08,Nordeste,"113,15","850,63","16.029,00","4.714,41","4.430,35","3.035,80"
Eolica,2017-08-08,Sul,"21,83","107,10","2.886,01","909,77","557,80","546,59"
Eolica,2017-08-08,Sudeste/Centro-Oeste,"0,00","0,00","0,00","0,00","0,00","0,00"
Eolica,2017-08-08,Sistema Interligado Nacional,"138,00","976,34","18.952,23","5.750,13","5.085,08","3.589,44"
Eolica,2017-08-09,Norte,"2,60","21,22","39,82","108,48","98,22","7,51"
Eolica,2017-08-09,Nordeste,"96,94","947,57","16.125,94","4.039,21","4.386,89","3.040,34"
Eolica,2017-08-09,Sul,"22,59","129,68","2.908,60","941,16","600,39","548,38"
Eolica,2017-08-09,Sudeste/Centro-Oeste,"0,00","0,00","0,00","0,00","0,00","0,00"
Eolica,2017-08-09,Sistema Interligado Nacional,"122,13","1.098,47","19.074,36","5.088,85","5.085,50","3.596,22"
Eolica,2017-08-10,Norte,"2,98","24,20","42,80","124,16","100,82","8,03"
Eolica,2017-08-10,Nordeste,"100,68","1.048,24","16.226,62","4.194,84","4.367,68","3.045,54"
Eolica,2017-08-10,Sul,"29,07","158,75","2.937,67","1.211,13","661,47","551,36"
Eolica,2017-08-10,Sudeste/Centro-Oeste,"0,00","0,00","0,00","0,00","0,00","0,00"
Eolica,2017-08-10,Sistema Interligado Nacional,"132,72","1.231,19","19.207,08","5.530,13","5.129,96","3.604,93"
Eolica,2017-08-11,Norte,"3,67","27,86","46,46","152,74","105,54","8,68"
Eolica,2017-08-11,Nordeste,"116,96","1.165,20","16.343,58","4.873,35","4.413,65","3.053,73"
Eolica,2017-08-11,Sul,"34,81","193,56","2.972,47","1.450,22","733,17","555,39"
Eolica,2017-08-11,Sudeste/Centro-Oeste,"0,00","0,00","0,00","0,00","0,00","0,00"
Eolica,2017-08-11,Sistema Interligado Nacional,"155,43","1.386,62","19.362,51","6.476,31","5.252,36","3.617,81"
Eolica,2017-08-12,Norte,"3,74","31,60","50,20","155,64","109,71","9,34"
Eolica,2017-08-12,Nordeste,"124,95","1.290,16","16.468,53","5.206,32","4.479,71","3.063,34"
Eolica,2017-08-12,Sul,"28,22","221,78","3.000,69","1.175,80","770,06","558,16"
Eolica,2017-08-12,Sudeste/Centro-Oeste,"0,00","0,00","0,00","0,00","0,00","0,00"
Eolica,2017-08-12,Sistema Interligado Nacional,"156,91","1.543,53","19.519,42","6.537,76","5.359,48","3.630,84"
Eolica,2017-08-13,Norte,"2,94","34,54","53,14","122,54","110,70","9,84"
Eolica,2017-08-13,Nordeste,"111,53","1.401,68","16.580,05","4.646,89","4.492,57","3.070,38"
Eolica,2017-08-13,Sul,"25,07","246,85","3.025,76","1.044,61","791,17","560,33"
Eolica,2017-08-13,Sudeste/Centro-Oeste,"0,00","0,00","0,00","0,00","0,00","0,00"
Eolica,2017-08-13,Sistema Interligado Nacional,"139,54","1.683,07","19.658,96","5.814,03","5.394,44","3.640,55"
Eolica,2017-08-14,Norte,"3,39","37,93","56,53","141,27","112,88","10,42"
Eolica,2017-08-14,Nordeste,"106,38","1.508,06","16.686,43","4.432,51","4.488,28","3.076,41"
Eolica,2017-08-14,Sul,"15,47","262,32","3.041,23","644,54","780,70","560,70"
Eolica,2017-08-14,Sudeste/Centro-Oeste,"0,00","0,00","0,00","0,00","0,00","0,00"
Eolica,2017-08-14,Sistema Interligado Nacional,"125,24","1.808,31","19.784,20","5.218,32","5.381,86","3.647,53"
Eolica,2017-08-15,Norte,"3,93","41,86","60,46","163,67","116,27","11,10"
Eolica,2017-08-15,Nordeste,"114,47","1.622,54","16.800,91","4.769,75","4.507,04","3.083,87"
Eolica,2017-08-15,Sul,"5,81","268,12","3.047,04","242,05","744,79","559,30"
Eolica,2017-08-15,Sudeste/Centro-Oeste,"0,00","0,00","0,00","0,00","0,00","0,00"
Eolica,2017-08-15,Sistema Interligado Nacional,"124,21","1.932,52","19.908,41","5.175,47","5.368,10","3.654,26"
Eolica,2017-08-16,Norte,"3,79","45,64","64,25","157,75","118,86","11,74"
Eolica,2017-08-16,Nordeste,"98,73","1.721,27","16.899,64","4.113,80","4.482,46","3.088,38"
Eolica,2017-08-16,Sul,"6,79","274,92","3.053,83","283,08","715,93","558,08"
Eolica,2017-08-16,Sudeste/Centro-Oeste,"0,00","0,00","0,00","0,00","0,00","0,00"
Eolica,2017-08-16,Sistema Interligado Nacional,"109,31","2.041,83","20.017,72","4.554,63","5.317,26","3.658,21"
Eolica,2017-08-17,Norte,"2,64","48,29","66,89","110,14","118,35","12,17"
Eolica,2017-08-17,Nordeste,"98,12","1.819,39","16.997,75","4.088,42","4.459,29","3.092,75"
Eolica,2017-08-17,Sul,"5,39","280,40","3.059,32","224,77","687,25","556,64"
Eolica,2017-08-17,Sudeste/Centro-Oeste,"0,00","0,00","0,00","0,00","0,00","0,00"
Eolica,2017-08-17,Sistema Interligado Nacional,"106,16","2.148,07","20.123,96","4.423,34","5.264,88","3.661,56"
Eolica,2017-08-18,Norte,"3,36","51,65","70,25","140,20","119,56","12,73"
Eolica,2017-08-18,Nordeste,"96,91","1.916,30","17.094,66","4.037,89","4.435,88","3.096,86"
Eolica,2017-08-18,Sul,"11,46","291,86","3.070,78","477,56","675,60","556,30"
Eolica,2017-08-18,Sudeste/Centro-Oeste,"0,00","0,00","0,00","0,00","0,00","0,00"
Eolica,2017-08-18,Sistema Interligado Nacional,"111,74","2.259,81","20.235,69","4.655,65","5.231,04","3.665,89"
Eolica,2017-08-19,Norte,"4,20","55,85","74,45","174,86","122,47","13,43"
Eolica,2017-08-19,Nordeste,"109,95","2.026,25","17.204,61","4.581,27","4.443,53","3.103,28"
Eolica,2017-08-19,Sul,"17,07","308,92","3.087,84","711,07","677,46","556,97"
Eolica,2017-08-19,Sudeste/Centro-Oeste,"0,00","0,00","0,00","0,00","0,00","0,00"
Eolica,2017-08-19,Sistema Interligado Nacional,"131,21","2.391,02","20.366,90","5.467,20","5.243,47","3.673,68"
Eolica,2017-08-20,Norte,"2,68","58,53","77,13","111,66","121,93","13,85"
Eolica,2017-08-20,Nordeste,"104,57","2.130,82","17.309,18","4.357,16","4.439,21","3.108,69"
Eolica,2017-08-20,Sul,"26,32","335,25","3.114,17","1.096,80","698,43","559,30"
Eolica,2017-08-20,Sudeste/Centro-Oeste,"0,00","0,00","0,00","0,00","0,00","0,00"
Eolica,2017-08-20,Sistema Interligado Nacional,"133,57","2.524,59","20.500,48","5.565,62","5.259,57","3.681,84"
Eolica,2017-08-21,Norte,"2,58","61,11","79,71","107,45","121,24","14,25"
Eolica,2017-08-21,Nordeste,"112,34","2.243,16","17.421,52","4.680,69","4.450,71","3.115,44"
Eolica,2017-08-21,Sul,"6,53","341,78","3.120,70","272,13","678,13","558,06"
Eolica,2017-08-21,Sudeste/Centro-Oeste,"0,00","0,00","0,00","0,00","0,00","0,00"
Eolica,2017-08-21,Sistema Interligado Nacional,"121,45","2.646,04","20.621,93","5.060,28","5.250,08","3.687,75"
Eolica,2017-08-22,Norte,"2,77","63,88","82,48","115,38","120,98","14,69"
Eolica,2017-08-22,Nordeste,"140,96","2.384,12","17.562,48","5.873,53","4.515,38","3.127,22"
Eolica,2017-08-22,Sul,"31,89","373,67","3.152,59","1.328,71","707,70","561,36"
Eolica,2017-08-22,Sudeste/Centro-Oeste,"0,00","0,00","0,00","0,00","0,00","0,00"
Eolica,2017-08-22,Sistema Interligado Nacional,"175,62","2.821,66","20.797,55","7.317,62","5.344,06","3.703,27"
Eolica,2017-08-23,Norte,"1,77","65,64","84,25","73,74","118,92","14,94"
Eolica,2017-08-23,Nordeste,"131,83","2.515,96","17.694,32","5.493,09","4.557,89","3.137,29"
Eolica,2017-08-23,Sul,"30,34","404,01","3.182,93","1.264,25","731,90","564,35"
Eolica,2017-08-23,Sudeste/Centro-Oeste,"0,00","0,00","0,00","0,00","0,00","0,00"
Eolica,2017-08-23,Sistema Interligado Nacional,"163,95","2.985,61","20.961,49","6.831,08","5.408,71","3.716,58"
Eolica,2017-08-24,Norte,"3,88","69,52","88,12","161,47","120,69","15,56"
Eolica,2017-08-24,Nordeste,"129,69","2.645,64","17.824,00","5.403,59","4.593,13","3.146,89"
Eolica,2017-08-24,Sul,"25,92","429,93","3.208,85","1.080,11","746,41","566,53"
Eolica,2017-08-24,Sudeste/Centro-Oeste,"0,00","0,00","0,00","0,00","0,00","0,00"
Eolica,2017-08-24,Sistema Interligado Nacional,"159,48","3.145,09","21.120,98","6.645,18","5.460,23","3.728,99"
